SIDO_NM,CCG_NM,ADMIN_REGION_CODE,GENDER_CD,AGE_CD,POPULATION
강원특별자치도,강릉시,5115000000,1,1,13692
강원특별자치도,강릉시,5115000000,1,2,11004
강원특별자치도,강릉시,5115000000,1,3,11101
강원특별자치도,강릉시,5115000000,1,4,13475
강원특별자치도,강릉시,5115000000,1,5,18427
강원특별자치도,강릉시,5115000000,1,6,34264
강원특별자치도,강릉시,5115000000,2,1,12589
강원특별자치도,강릉시,5115000000,2,2,8805
강원특별자치도,강릉시,5115000000,2,3,9554
강원특별자치도,강릉시,5115000000,2,4,13089
강원특별자치도,강릉시,5115000000,2,5,17736
강원특별자치도,강릉시,5115000000,2,6,41930
강원특별자치도,고성군,5182000000,1,1,1469
강원특별자치도,고성군,5182000000,1,2,1301
강원특별자치도,고성군,5182000000,1,3,1422
강원특별자치도,고성군,5182000000,1,4,1503
강원특별자치도,고성군,5182000000,1,5,2450
강원특별자치도,고성군,5182000000,1,6,5791
강원특별자치도,고성군,5182000000,2,1,1329
강원특별자치도,고성군,5182000000,2,2,847
강원특별자치도,고성군,5182000000,2,3,1064
강원특별자치도,고성군,5182000000,2,4,1269
강원특별자치도,고성군,5182000000,2,5,2033
강원특별자치도,고성군,5182000000,2,6,6726
강원특별자치도,동해시,5117000000,1,1,6343
강원특별자치도,동해시,5117000000,1,2,4263
강원특별자치도,동해시,5117000000,1,3,4495
강원특별자치도,동해시,5117000000,1,4,5972
강원특별자치도,동해시,5117000000,1,5,8265
강원특별자치도,동해시,5117000000,1,6,14024
강원특별자치도,동해시,5117000000,2,1,5909
강원특별자치도,동해시,5117000000,2,2,2980
강원특별자치도,동해시,5117000000,2,3,3563
강원특별자치도,동해시,5117000000,2,4,5689
강원특별자치도,동해시,5117000000,2,5,7490
강원특별자치도,동해시,5117000000,2,6,16596
강원특별자치도,삼척시,5123000000,1,1,3737
강원특별자치도,삼척시,5123000000,1,2,3357
강원특별자치도,삼척시,5123000000,1,3,2523
강원특별자치도,삼척시,5123000000,1,4,3594
강원특별자치도,삼척시,5123000000,1,5,5840
강원특별자치도,삼척시,5123000000,1,6,11821
강원특별자치도,삼척시,5123000000,2,1,3483
강원특별자치도,삼척시,5123000000,2,2,2378
강원특별자치도,삼척시,5123000000,2,3,2085
강원특별자치도,삼척시,5123000000,2,4,3124
강원특별자치도,삼척시,5123000000,2,5,4568
강원특별자치도,삼척시,5123000000,2,6,13784
강원특별자치도,속초시,5121000000,1,1,5384
강원특별자치도,속초시,5121000000,1,2,3627
강원특별자치도,속초시,5121000000,1,3,4770
강원특별자치도,속초시,5121000000,1,4,5325
강원특별자치도,속초시,5121000000,1,5,6968
강원특별자치도,속초시,5121000000,1,6,12902
강원특별자치도,속초시,5121000000,2,1,5156
강원특별자치도,속초시,5121000000,2,2,2920
강원특별자치도,속초시,5121000000,2,3,3827
강원특별자치도,속초시,5121000000,2,4,5202
강원특별자치도,속초시,5121000000,2,5,7233
강원특별자치도,속초시,5121000000,2,6,15579
강원특별자치도,양구군,5180000000,1,1,1523
강원특별자치도,양구군,5180000000,1,2,1343
강원특별자치도,양구군,5180000000,1,3,1274
강원특별자치도,양구군,5180000000,1,4,1169
강원특별자치도,양구군,5180000000,1,5,1633
강원특별자치도,양구군,5180000000,1,6,3776
강원특별자치도,양구군,5180000000,2,1,1492
강원특별자치도,양구군,5180000000,2,2,744
강원특별자치도,양구군,5180000000,2,3,916
강원특별자치도,양구군,5180000000,2,4,1074
강원특별자치도,양구군,5180000000,2,5,1379
강원특별자치도,양구군,5180000000,2,6,4049
강원특별자치도,양양군,5183000000,1,1,1463
강원특별자치도,양양군,5183000000,1,2,1068
강원특별자치도,양양군,5183000000,1,3,1113
강원특별자치도,양양군,5183000000,1,4,1668
강원특별자치도,양양군,5183000000,1,5,2512
강원특별자치도,양양군,5183000000,1,6,6140
강원특별자치도,양양군,5183000000,2,1,1286
강원특별자치도,양양군,5183000000,2,2,721
강원특별자치도,양양군,5183000000,2,3,927
강원특별자치도,양양군,5183000000,2,4,1413
강원특별자치도,양양군,5183000000,2,5,2068
강원특별자치도,양양군,5183000000,2,6,6947
강원특별자치도,영월군,5175000000,1,1,1935
강원특별자치도,영월군,5175000000,1,2,1329
강원특별자치도,영월군,5175000000,1,3,1215
강원특별자치도,영월군,5175000000,1,4,1847
강원특별자치도,영월군,5175000000,1,5,3333
강원특별자치도,영월군,5175000000,1,6,8851
강원특별자치도,영월군,5175000000,2,1,1602
강원특별자치도,영월군,5175000000,2,2,938
강원특별자치도,영월군,5175000000,2,3,996
강원특별자치도,영월군,5175000000,2,4,1655
강원특별자치도,영월군,5175000000,2,5,2760
강원특별자치도,영월군,5175000000,2,6,9253
강원특별자치도,원주시,5113000000,1,1,29480
강원특별자치도,원주시,5113000000,1,2,20414
강원특별자치도,원주시,5113000000,1,3,24549
강원특별자치도,원주시,5113000000,1,4,26488
강원특별자치도,원주시,5113000000,1,5,30595
강원특별자치도,원주시,5113000000,1,6,49166
강원특별자치도,원주시,5113000000,2,1,28308
강원특별자치도,원주시,5113000000,2,2,17719
강원특별자치도,원주시,5113000000,2,3,22930
강원특별자치도,원주시,5113000000,2,4,26742
강원특별자치도,원주시,5113000000,2,5,31518
강원특별자치도,원주시,5113000000,2,6,56902
강원특별자치도,인제군,5181000000,1,1,2104
강원특별자치도,인제군,5181000000,1,2,2203
강원특별자치도,인제군,5181000000,1,3,2283
강원특별자치도,인제군,5181000000,1,4,1974
강원특별자치도,인제군,5181000000,1,5,2579
강원특별자치도,인제군,5181000000,1,6,5732
강원특별자치도,인제군,5181000000,2,1,1885
강원특별자치도,인제군,5181000000,2,2,1077
강원특별자치도,인제군,5181000000,2,3,1462
강원특별자치도,인제군,5181000000,2,4,1635
강원특별자치도,인제군,5181000000,2,5,1977
강원특별자치도,인제군,5181000000,2,6,5860
강원특별자치도,정선군,5177000000,1,1,1562
강원특별자치도,정선군,5177000000,1,2,1332
강원특별자치도,정선군,5177000000,1,3,1331
강원특별자치도,정선군,5177000000,1,4,2232
강원특별자치도,정선군,5177000000,1,5,3826
강원특별자치도,정선군,5177000000,1,6,8196
강원특별자치도,정선군,5177000000,2,1,1524
강원특별자치도,정선군,5177000000,2,2,1046
강원특별자치도,정선군,5177000000,2,3,965
강원특별자치도,정선군,5177000000,2,4,1672
강원특별자치도,정선군,5177000000,2,5,2806
강원특별자치도,정선군,5177000000,2,6,8636
강원특별자치도,철원군,5178000000,1,1,2664
강원특별자치도,철원군,5178000000,1,2,2487
강원특별자치도,철원군,5178000000,1,3,2394
강원특별자치도,철원군,5178000000,1,4,2278
강원특별자치도,철원군,5178000000,1,5,3297
강원특별자치도,철원군,5178000000,1,6,7382
강원특별자치도,철원군,5178000000,2,1,2539
강원특별자치도,철원군,5178000000,2,2,1454
강원특별자치도,철원군,5178000000,2,3,1716
강원특별자치도,철원군,5178000000,2,4,2098
강원특별자치도,철원군,5178000000,2,5,2865
강원특별자치도,철원군,5178000000,2,6,8537
강원특별자치도,춘천시,5111000000,1,1,21777
강원특별자치도,춘천시,5111000000,1,2,18424
강원특별자치도,춘천시,5111000000,1,3,18251
강원특별자치도,춘천시,5111000000,1,4,19065
강원특별자치도,춘천시,5111000000,1,5,22782
강원특별자치도,춘천시,5111000000,1,6,40102
강원특별자치도,춘천시,5111000000,2,1,20684
강원특별자치도,춘천시,5111000000,2,2,16071
강원특별자치도,춘천시,5111000000,2,3,16729
강원특별자치도,춘천시,5111000000,2,4,19253
강원특별자치도,춘천시,5111000000,2,5,23157
강원특별자치도,춘천시,5111000000,2,6,48732
강원특별자치도,태백시,5119000000,1,1,2398
강원특별자치도,태백시,5119000000,1,2,1504
강원특별자치도,태백시,5119000000,1,3,1504
강원특별자치도,태백시,5119000000,1,4,2423
강원특별자치도,태백시,5119000000,1,5,3637
강원특별자치도,태백시,5119000000,1,6,7171
강원특별자치도,태백시,5119000000,2,1,2158
강원특별자치도,태백시,5119000000,2,2,1092
강원특별자치도,태백시,5119000000,2,3,1166
강원특별자치도,태백시,5119000000,2,4,2270
강원특별자치도,태백시,5119000000,2,5,2952
강원특별자치도,태백시,5119000000,2,6,8536
강원특별자치도,평창군,5176000000,1,1,1862
강원특별자치도,평창군,5176000000,1,2,1571
강원특별자치도,평창군,5176000000,1,3,1420
강원특별자치도,평창군,5176000000,1,4,2113
강원특별자치도,평창군,5176000000,1,5,3870
강원특별자치도,평창군,5176000000,1,6,9852
강원특별자치도,평창군,5176000000,2,1,1804
강원특별자치도,평창군,5176000000,2,2,1061
강원특별자치도,평창군,5176000000,2,3,1103
강원특별자치도,평창군,5176000000,2,4,1854
강원특별자치도,평창군,5176000000,2,5,3249
강원특별자치도,평창군,5176000000,2,6,10138
강원특별자치도,홍천군,5172000000,1,1,3531
강원특별자치도,홍천군,5172000000,1,2,2798
강원특별자치도,홍천군,5172000000,1,3,3078
강원특별자치도,홍천군,5172000000,1,4,3466
강원특별자치도,홍천군,5172000000,1,5,5580
강원특별자치도,홍천군,5172000000,1,6,15507
강원특별자치도,홍천군,5172000000,2,1,3452
강원특별자치도,홍천군,5172000000,2,2,1893
강원특별자치도,홍천군,5172000000,2,3,2308
강원특별자치도,홍천군,5172000000,2,4,3151
강원특별자치도,홍천군,5172000000,2,5,4939
강원특별자치도,홍천군,5172000000,2,6,16146
강원특별자치도,화천군,5179000000,1,1,1387
강원특별자치도,화천군,5179000000,1,2,1801
강원특별자치도,화천군,5179000000,1,3,1538
강원특별자치도,화천군,5179000000,1,4,1179
강원특별자치도,화천군,5179000000,1,5,1776
강원특별자치도,화천군,5179000000,1,6,4433
강원특별자치도,화천군,5179000000,2,1,1404
강원특별자치도,화천군,5179000000,2,2,931
강원특별자치도,화천군,5179000000,2,3,960
강원특별자치도,화천군,5179000000,2,4,1018
강원특별자치도,화천군,5179000000,2,5,1536
강원특별자치도,화천군,5179000000,2,6,4616
강원특별자치도,횡성군,5173000000,1,1,2503
강원특별자치도,횡성군,5173000000,1,2,1580
강원특별자치도,횡성군,5173000000,1,3,1524
강원특별자치도,횡성군,5173000000,1,4,2243
강원특별자치도,횡성군,5173000000,1,5,3910
강원특별자치도,횡성군,5173000000,1,6,11852
강원특별자치도,횡성군,5173000000,2,1,2205
강원특별자치도,횡성군,5173000000,2,2,1162
강원특별자치도,횡성군,5173000000,2,3,1257
강원특별자치도,횡성군,5173000000,2,4,1917
강원특별자치도,횡성군,5173000000,2,5,3400
강원특별자치도,횡성군,5173000000,2,6,12022
경기도,가평군,4182000000,1,1,3292
경기도,가평군,4182000000,1,2,2887
경기도,가평군,4182000000,1,3,2978
경기도,가평군,4182000000,1,4,3546
경기도,가평군,4182000000,1,5,5474
경기도,가평군,4182000000,1,6,13699
경기도,가평군,4182000000,2,1,3140
경기도,가평군,4182000000,2,2,2266
경기도,가평군,4182000000,2,3,2374
경기도,가평군,4182000000,2,4,3155
경기도,가평군,4182000000,2,5,4857
경기도,가평군,4182000000,2,6,14373
경기도,고양시 덕양구,4128100000,1,1,35975
경기도,고양시 덕양구,4128100000,1,2,25017
경기도,고양시 덕양구,4128100000,1,3,35197
경기도,고양시 덕양구,4128100000,1,4,36965
경기도,고양시 덕양구,4128100000,1,5,41162
경기도,고양시 덕양구,4128100000,1,6,62120
경기도,고양시 덕양구,4128100000,2,1,34557
경기도,고양시 덕양구,4128100000,2,2,24955
경기도,고양시 덕양구,4128100000,2,3,35032
경기도,고양시 덕양구,4128100000,2,4,36514
경기도,고양시 덕양구,4128100000,2,5,42404
경기도,고양시 덕양구,4128100000,2,6,73150
경기도,고양시 일산동구,4128500000,1,1,21930
경기도,고양시 일산동구,4128500000,1,2,16968
경기도,고양시 일산동구,4128500000,1,3,20670
경기도,고양시 일산동구,4128500000,1,4,21183
경기도,고양시 일산동구,4128500000,1,5,26552
경기도,고양시 일산동구,4128500000,1,6,37132
경기도,고양시 일산동구,4128500000,2,1,21014
경기도,고양시 일산동구,4128500000,2,2,17734
경기도,고양시 일산동구,4128500000,2,3,20692
경기도,고양시 일산동구,4128500000,2,4,22323
경기도,고양시 일산동구,4128500000,2,5,28921
경기도,고양시 일산동구,4128500000,2,6,43150
경기도,고양시 일산서구,4128700000,1,1,21127
경기도,고양시 일산서구,4128700000,1,2,16122
경기도,고양시 일산서구,4128700000,1,3,16443
경기도,고양시 일산서구,4128700000,1,4,18541
경기도,고양시 일산서구,4128700000,1,5,25623
경기도,고양시 일산서구,4128700000,1,6,35272
경기도,고양시 일산서구,4128700000,2,1,20386
경기도,고양시 일산서구,4128700000,2,2,15561
경기도,고양시 일산서구,4128700000,2,3,16114
경기도,고양시 일산서구,4128700000,2,4,20553
경기도,고양시 일산서구,4128700000,2,5,28623
경기도,고양시 일산서구,4128700000,2,6,41756
경기도,과천시,4129000000,1,1,8376
경기도,과천시,4129000000,1,2,4078
경기도,과천시,4129000000,1,3,5998
경기도,과천시,4129000000,1,4,6460
경기도,과천시,4129000000,1,5,5647
경기도,과천시,4129000000,1,6,8793
경기도,과천시,4129000000,2,1,8056
경기도,과천시,4129000000,2,2,4050
경기도,과천시,4129000000,2,3,6483
경기도,과천시,4129000000,2,4,6601
경기도,과천시,4129000000,2,5,6241
경기도,과천시,4129000000,2,6,10049
경기도,광명시,4121000000,1,1,24048
경기도,광명시,4121000000,1,2,16788
경기도,광명시,4121000000,1,3,23242
경기도,광명시,4121000000,1,4,23338
경기도,광명시,4121000000,1,5,25185
경기도,광명시,4121000000,1,6,36047
경기도,광명시,4121000000,2,1,23065
경기도,광명시,4121000000,2,2,16307
경기도,광명시,4121000000,2,3,22192
경기도,광명시,4121000000,2,4,23688
경기도,광명시,4121000000,2,5,26411
경기도,광명시,4121000000,2,6,43355
경기도,광주시,4161000000,1,1,31895
경기도,광주시,4161000000,1,2,19857
경기도,광주시,4161000000,1,3,27111
경기도,광주시,4161000000,1,4,35140
경기도,광주시,4161000000,1,5,36224
경기도,광주시,4161000000,1,6,52841
경기도,광주시,4161000000,2,1,30506
경기도,광주시,4161000000,2,2,17737
경기도,광주시,4161000000,2,3,24445
경기도,광주시,4161000000,2,4,31892
경기도,광주시,4161000000,2,5,34250
경기도,광주시,4161000000,2,6,57213
경기도,구리시,4131000000,1,1,13483
경기도,구리시,4131000000,1,2,10593
경기도,구리시,4131000000,1,3,13694
경기도,구리시,4131000000,1,4,14115
경기도,구리시,4131000000,1,5,16149
경기도,구리시,4131000000,1,6,24944
경기도,구리시,4131000000,2,1,12709
경기도,구리시,4131000000,2,2,10438
경기도,구리시,4131000000,2,3,12724
경기도,구리시,4131000000,2,4,13731
경기도,구리시,4131000000,2,5,17095
경기도,구리시,4131000000,2,6,28107
경기도,군포시,4141000000,1,1,17363
경기도,군포시,4141000000,1,2,15171
경기도,군포시,4141000000,1,3,18200
경기도,군포시,4141000000,1,4,17504
경기도,군포시,4141000000,1,5,21589
경기도,군포시,4141000000,1,6,33671
경기도,군포시,4141000000,2,1,16367
경기도,군포시,4141000000,2,2,13790
경기도,군포시,4141000000,2,3,15793
경기도,군포시,4141000000,2,4,17353
경기도,군포시,4141000000,2,5,23095
경기도,군포시,4141000000,2,6,39566
경기도,김포시,4157000000,1,1,47346
경기도,김포시,4157000000,1,2,23083
경기도,김포시,4157000000,1,3,30834
경기도,김포시,4157000000,1,4,45539
경기도,김포시,4157000000,1,5,39834
경기도,김포시,4157000000,1,6,54705
경기도,김포시,4157000000,2,1,45295
경기도,김포시,4157000000,2,2,22305
경기도,김포시,4157000000,2,3,30920
경기도,김포시,4157000000,2,4,44915
경기도,김포시,4157000000,2,5,37387
경기도,김포시,4157000000,2,6,61879
경기도,남양주시,4136000000,1,1,62988
경기도,남양주시,4136000000,1,2,38558
경기도,남양주시,4136000000,1,3,42556
경기도,남양주시,4136000000,1,4,57995
경기도,남양주시,4136000000,1,5,65449
경기도,남양주시,4136000000,1,6,91653
경기도,남양주시,4136000000,2,1,60063
경기도,남양주시,4136000000,2,2,36312
경기도,남양주시,4136000000,2,3,41600
경기도,남양주시,4136000000,2,4,59969
경기도,남양주시,4136000000,2,5,64892
경기도,남양주시,4136000000,2,6,105405
경기도,동두천시,4125000000,1,1,5496
경기도,동두천시,4125000000,1,2,4410
경기도,동두천시,4125000000,1,3,4513
경기도,동두천시,4125000000,1,4,5602
경기도,동두천시,4125000000,1,5,8205
경기도,동두천시,4125000000,1,6,14747
경기도,동두천시,4125000000,2,1,5293
경기도,동두천시,4125000000,2,2,3861
경기도,동두천시,4125000000,2,3,3770
경기도,동두천시,4125000000,2,4,5383
경기도,동두천시,4125000000,2,5,7507
경기도,동두천시,4125000000,2,6,17478
경기도,부천시 소사구,4119400000,1,1,16516
경기도,부천시 소사구,4119400000,1,2,11054
경기도,부천시 소사구,4119400000,1,3,15380
경기도,부천시 소사구,4119400000,1,4,17679
경기도,부천시 소사구,4119400000,1,5,17868
경기도,부천시 소사구,4119400000,1,6,31069
경기도,부천시 소사구,4119400000,2,1,15783
경기도,부천시 소사구,4119400000,2,2,10828
경기도,부천시 소사구,4119400000,2,3,14533
경기도,부천시 소사구,4119400000,2,4,17157
경기도,부천시 소사구,4119400000,2,5,18960
경기도,부천시 소사구,4119400000,2,6,37375
경기도,부천시 오정구,4119600000,1,1,8246
경기도,부천시 오정구,4119600000,1,2,8835
경기도,부천시 오정구,4119600000,1,3,10596
경기도,부천시 오정구,4119600000,1,4,9930
경기도,부천시 오정구,4119600000,1,5,14202
경기도,부천시 오정구,4119600000,1,6,23111
경기도,부천시 오정구,4119600000,2,1,7600
경기도,부천시 오정구,4119600000,2,2,7984
경기도,부천시 오정구,4119600000,2,3,8758
경기도,부천시 오정구,4119600000,2,4,8824
경기도,부천시 오정구,4119600000,2,5,14382
경기도,부천시 오정구,4119600000,2,6,26444
경기도,부천시 원미구,4119200000,1,1,25875
경기도,부천시 원미구,4119200000,1,2,21770
경기도,부천시 원미구,4119200000,1,3,28231
경기도,부천시 원미구,4119200000,1,4,28181
경기도,부천시 원미구,4119200000,1,5,31857
경기도,부천시 원미구,4119200000,1,6,51293
경기도,부천시 원미구,4119200000,2,1,24903
경기도,부천시 원미구,4119200000,2,2,22188
경기도,부천시 원미구,4119200000,2,3,26829
경기도,부천시 원미구,4119200000,2,4,27992
경기도,부천시 원미구,4119200000,2,5,33983
경기도,부천시 원미구,4119200000,2,6,59237
경기도,성남시 분당구,4113500000,1,1,41705
경기도,성남시 분당구,4113500000,1,2,25970
경기도,성남시 분당구,4113500000,1,3,33133
경기도,성남시 분당구,4113500000,1,4,36603
경기도,성남시 분당구,4113500000,1,5,37948
경기도,성남시 분당구,4113500000,1,6,50912
경기도,성남시 분당구,4113500000,2,1,40012
경기도,성남시 분당구,4113500000,2,2,26160
경기도,성남시 분당구,4113500000,2,3,34008
경기도,성남시 분당구,4113500000,2,4,40898
경기도,성남시 분당구,4113500000,2,5,40689
경기도,성남시 분당구,4113500000,2,6,59603
경기도,성남시 수정구,4113100000,1,1,14851
경기도,성남시 수정구,4113100000,1,2,14267
경기도,성남시 수정구,4113100000,1,3,19534
경기도,성남시 수정구,4113100000,1,4,17944
경기도,성남시 수정구,4113100000,1,5,19567
경기도,성남시 수정구,4113100000,1,6,32377
경기도,성남시 수정구,4113100000,2,1,14412
경기도,성남시 수정구,4113100000,2,2,12975
경기도,성남시 수정구,4113100000,2,3,16926
경기도,성남시 수정구,4113100000,2,4,16006
경기도,성남시 수정구,4113100000,2,5,18519
경기도,성남시 수정구,4113100000,2,6,37261
경기도,성남시 중원구,4113300000,1,1,11996
경기도,성남시 중원구,4113300000,1,2,11662
경기도,성남시 중원구,4113300000,1,3,16701
경기도,성남시 중원구,4113300000,1,4,14869
경기도,성남시 중원구,4113300000,1,5,16687
경기도,성남시 중원구,4113300000,1,6,28700
경기도,성남시 중원구,4113300000,2,1,11470
경기도,성남시 중원구,4113300000,2,2,11062
경기도,성남시 중원구,4113300000,2,3,14095
경기도,성남시 중원구,4113300000,2,4,13364
경기도,성남시 중원구,4113300000,2,5,16199
경기도,성남시 중원구,4113300000,2,6,33259
경기도,수원시 권선구,4111300000,1,1,26791
경기도,수원시 권선구,4111300000,1,2,22414
경기도,수원시 권선구,4111300000,1,3,31132
경기도,수원시 권선구,4111300000,1,4,29021
경기도,수원시 권선구,4111300000,1,5,30024
경기도,수원시 권선구,4111300000,1,6,42184
경기도,수원시 권선구,4111300000,2,1,25300
경기도,수원시 권선구,4111300000,2,2,21469
경기도,수원시 권선구,4111300000,2,3,26658
경기도,수원시 권선구,4111300000,2,4,26623
경기도,수원시 권선구,4111300000,2,5,30909
경기도,수원시 권선구,4111300000,2,6,47761
경기도,수원시 영통구,4111700000,1,1,34730
경기도,수원시 영통구,4111700000,1,2,25863
경기도,수원시 영통구,4111700000,1,3,32408
경기도,수원시 영통구,4111700000,1,4,30966
경기도,수원시 영통구,4111700000,1,5,28534
경기도,수원시 영통구,4111700000,1,6,28556
경기도,수원시 영통구,4111700000,2,1,32694
경기도,수원시 영통구,4111700000,2,2,24372
경기도,수원시 영통구,4111700000,2,3,30498
경기도,수원시 영통구,4111700000,2,4,31790
경기도,수원시 영통구,4111700000,2,5,29370
경기도,수원시 영통구,4111700000,2,6,32318
경기도,수원시 장안구,4111100000,1,1,19626
경기도,수원시 장안구,4111100000,1,2,20340
경기도,수원시 장안구,4111100000,1,3,18966
경기도,수원시 장안구,4111100000,1,4,18841
경기도,수원시 장안구,4111100000,1,5,24042
경기도,수원시 장안구,4111100000,1,6,33589
경기도,수원시 장안구,4111100000,2,1,18523
경기도,수원시 장안구,4111100000,2,2,16803
경기도,수원시 장안구,4111100000,2,3,16599
경기도,수원시 장안구,4111100000,2,4,18768
경기도,수원시 장안구,4111100000,2,5,24895
경기도,수원시 장안구,4111100000,2,6,38992
경기도,수원시 팔달구,4111500000,1,1,11958
경기도,수원시 팔달구,4111500000,1,2,13868
경기도,수원시 팔달구,4111500000,1,3,17722
경기도,수원시 팔달구,4111500000,1,4,13936
경기도,수원시 팔달구,4111500000,1,5,15993
경기도,수원시 팔달구,4111500000,1,6,23540
경기도,수원시 팔달구,4111500000,2,1,11351
경기도,수원시 팔달구,4111500000,2,2,13902
경기도,수원시 팔달구,4111500000,2,3,15054
경기도,수원시 팔달구,4111500000,2,4,12519
경기도,수원시 팔달구,4111500000,2,5,15846
경기도,수원시 팔달구,4111500000,2,6,27712
경기도,시흥시,4139000000,1,1,45479
경기도,시흥시,4139000000,1,2,30563
경기도,시흥시,4139000000,1,3,39813
경기도,시흥시,4139000000,1,4,47362
경기도,시흥시,4139000000,1,5,48136
경기도,시흥시,4139000000,1,6,56677
경기도,시흥시,4139000000,2,1,43554
경기도,시흥시,4139000000,2,2,25903
경기도,시흥시,4139000000,2,3,34050
경기도,시흥시,4139000000,2,4,41054
경기도,시흥시,4139000000,2,5,44146
경기도,시흥시,4139000000,2,6,58094
경기도,안산시 단원구,4127300000,1,1,20037
경기도,안산시 단원구,4127300000,1,2,19317
경기도,안산시 단원구,4127300000,1,3,23262
경기도,안산시 단원구,4127300000,1,4,21221
경기도,안산시 단원구,4127300000,1,5,27601
경기도,안산시 단원구,4127300000,1,6,36791
경기도,안산시 단원구,4127300000,2,1,19056
경기도,안산시 단원구,4127300000,2,2,17230
경기도,안산시 단원구,4127300000,2,3,18743
경기도,안산시 단원구,4127300000,2,4,18971
경기도,안산시 단원구,4127300000,2,5,27463
경기도,안산시 단원구,4127300000,2,6,38775
경기도,안산시 상록구,4127100000,1,1,20982
경기도,안산시 상록구,4127100000,1,2,22941
경기도,안산시 상록구,4127100000,1,3,22846
경기도,안산시 상록구,4127100000,1,4,22573
경기도,안산시 상록구,4127100000,1,5,31846
경기도,안산시 상록구,4127100000,1,6,42588
경기도,안산시 상록구,4127100000,2,1,20182
경기도,안산시 상록구,4127100000,2,2,20022
경기도,안산시 상록구,4127100000,2,3,18205
경기도,안산시 상록구,4127100000,2,4,20726
경기도,안산시 상록구,4127100000,2,5,32056
경기도,안산시 상록구,4127100000,2,6,45806
경기도,안성시,4155000000,1,1,14484
경기도,안성시,4155000000,1,2,11949
경기도,안성시,4155000000,1,3,13464
경기도,안성시,4155000000,1,4,15625
경기도,안성시,4155000000,1,5,18089
경기도,안성시,4155000000,1,6,29249
경기도,안성시,4155000000,2,1,13553
경기도,안성시,4155000000,2,2,9914
경기도,안성시,4155000000,2,3,10398
경기도,안성시,4155000000,2,4,13344
경기도,안성시,4155000000,2,5,16361
경기도,안성시,4155000000,2,6,32355
경기도,안양시 동안구,4117300000,1,1,28268
경기도,안양시 동안구,4117300000,1,2,18365
경기도,안양시 동안구,4117300000,1,3,26375
경기도,안양시 동안구,4117300000,1,4,25429
경기도,안양시 동안구,4117300000,1,5,25938
경기도,안양시 동안구,4117300000,1,6,36359
경기도,안양시 동안구,4117300000,2,1,27031
경기도,안양시 동안구,4117300000,2,2,17551
경기도,안양시 동안구,4117300000,2,3,25666
경기도,안양시 동안구,4117300000,2,4,26164
경기도,안양시 동안구,4117300000,2,5,28333
경기도,안양시 동안구,4117300000,2,6,43115
경기도,안양시 만안구,4117100000,1,1,14590
경기도,안양시 만안구,4117100000,1,2,13484
경기도,안양시 만안구,4117100000,1,3,18739
경기도,안양시 만안구,4117100000,1,4,16359
경기도,안양시 만안구,4117100000,1,5,18990
경기도,안양시 만안구,4117100000,1,6,34150
경기도,안양시 만안구,4117100000,2,1,13982
경기도,안양시 만안구,4117100000,2,2,12698
경기도,안양시 만안구,4117100000,2,3,16646
경기도,안양시 만안구,4117100000,2,4,14771
경기도,안양시 만안구,4117100000,2,5,19821
경기도,안양시 만안구,4117100000,2,6,39481
경기도,양주시,4163000000,1,1,26075
경기도,양주시,4163000000,1,2,15882
경기도,양주시,4163000000,1,3,20671
경기도,양주시,4163000000,1,4,23892
경기도,양주시,4163000000,1,5,25533
경기도,양주시,4163000000,1,6,37168
경기도,양주시,4163000000,2,1,25376
경기도,양주시,4163000000,2,2,14402
경기도,양주시,4163000000,2,3,19471
경기도,양주시,4163000000,2,4,22579
경기도,양주시,4163000000,2,5,24754
경기도,양주시,4163000000,2,6,41423
경기도,양평군,4183000000,1,1,7934
경기도,양평군,4183000000,1,2,4857
경기도,양평군,4183000000,1,3,5479
경기도,양평군,4183000000,1,4,7472
경기도,양평군,4183000000,1,5,10767
경기도,양평군,4183000000,1,6,27212
경기도,양평군,4183000000,2,1,7355
경기도,양평군,4183000000,2,2,3865
경기도,양평군,4183000000,2,3,4975
경기도,양평군,4183000000,2,4,7563
경기도,양평군,4183000000,2,5,10307
경기도,양평군,4183000000,2,6,29036
경기도,여주시,4167000000,1,1,7218
경기도,여주시,4167000000,1,2,5211
경기도,여주시,4167000000,1,3,6160
경기도,여주시,4167000000,1,4,7371
경기도,여주시,4167000000,1,5,10235
경기도,여주시,4167000000,1,6,21707
경기도,여주시,4167000000,2,1,6657
경기도,여주시,4167000000,2,2,4330
경기도,여주시,4167000000,2,3,5109
경기도,여주시,4167000000,2,4,6940
경기도,여주시,4167000000,2,5,9624
경기도,여주시,4167000000,2,6,22944
경기도,연천군,4180000000,1,1,2360
경기도,연천군,4180000000,1,2,2697
경기도,연천군,4180000000,1,3,2487
경기도,연천군,4180000000,1,4,2300
경기도,연천군,4180000000,1,5,3496
경기도,연천군,4180000000,1,6,9223
경기도,연천군,4180000000,2,1,2238
경기도,연천군,4180000000,2,2,1675
경기도,연천군,4180000000,2,3,1714
경기도,연천군,4180000000,2,4,1920
경기도,연천군,4180000000,2,5,2961
경기도,연천군,4180000000,2,6,9906
경기도,오산시,4137000000,1,1,23229
경기도,오산시,4137000000,1,2,15551
경기도,오산시,4137000000,1,3,22998
경기도,오산시,4137000000,1,4,25342
경기도,오산시,4137000000,1,5,21899
경기도,오산시,4137000000,1,6,23341
경기도,오산시,4137000000,2,1,22081
경기도,오산시,4137000000,2,2,13049
경기도,오산시,4137000000,2,3,18182
경기도,오산시,4137000000,2,4,21561
경기도,오산시,4137000000,2,5,20086
경기도,오산시,4137000000,2,6,26271
경기도,용인시 기흥구,4146300000,1,1,38136
경기도,용인시 기흥구,4146300000,1,2,27432
경기도,용인시 기흥구,4146300000,1,3,27157
경기도,용인시 기흥구,4146300000,1,4,33609
경기도,용인시 기흥구,4146300000,1,5,39384
경기도,용인시 기흥구,4146300000,1,6,48174
경기도,용인시 기흥구,4146300000,2,1,36440
경기도,용인시 기흥구,4146300000,2,2,24978
경기도,용인시 기흥구,4146300000,2,3,25709
경기도,용인시 기흥구,4146300000,2,4,35875
경기도,용인시 기흥구,4146300000,2,5,41024
경기도,용인시 기흥구,4146300000,2,6,56672
경기도,용인시 수지구,4146500000,1,1,36784
경기도,용인시 수지구,4146500000,1,2,20452
경기도,용인시 수지구,4146500000,1,3,23179
경기도,용인시 수지구,4146500000,1,4,30709
경기도,용인시 수지구,4146500000,1,5,30854
경기도,용인시 수지구,4146500000,1,6,37627
경기도,용인시 수지구,4146500000,2,1,35721
경기도,용인시 수지구,4146500000,2,2,20095
경기도,용인시 수지구,4146500000,2,3,24574
경기도,용인시 수지구,4146500000,2,4,33880
경기도,용인시 수지구,4146500000,2,5,31792
경기도,용인시 수지구,4146500000,2,6,43563
경기도,용인시 처인구,4146100000,1,1,22949
경기도,용인시 처인구,4146100000,1,2,17510
경기도,용인시 처인구,4146100000,1,3,20373
경기도,용인시 처인구,4146100000,1,4,23164
경기도,용인시 처인구,4146100000,1,5,25584
경기도,용인시 처인구,4146100000,1,6,36934
경기도,용인시 처인구,4146100000,2,1,21970
경기도,용인시 처인구,4146100000,2,2,14504
경기도,용인시 처인구,4146100000,2,3,17364
경기도,용인시 처인구,4146100000,2,4,21002
경기도,용인시 처인구,4146100000,2,5,24258
경기도,용인시 처인구,4146100000,2,6,40779
경기도,의왕시,4143000000,1,1,12803
경기도,의왕시,4143000000,1,2,8977
경기도,의왕시,4143000000,1,3,12970
경기도,의왕시,4143000000,1,4,11612
경기도,의왕시,4143000000,1,5,12794
경기도,의왕시,4143000000,1,6,21864
경기도,의왕시,4143000000,2,1,12150
경기도,의왕시,4143000000,2,2,8415
경기도,의왕시,4143000000,2,3,12411
경기도,의왕시,4143000000,2,4,11059
경기도,의왕시,4143000000,2,5,14273
경기도,의왕시,4143000000,2,6,24893
경기도,의정부시,4115000000,1,1,33867
경기도,의정부시,4115000000,1,2,25998
경기도,의정부시,4115000000,1,3,31457
경기도,의정부시,4115000000,1,4,34564
경기도,의정부시,4115000000,1,5,39868
경기도,의정부시,4115000000,1,6,60796
경기도,의정부시,4115000000,2,1,31883
경기도,의정부시,4115000000,2,2,26283
경기도,의정부시,4115000000,2,3,29464
경기도,의정부시,4115000000,2,4,32874
경기도,의정부시,4115000000,2,5,41696
경기도,의정부시,4115000000,2,6,73167
경기도,이천시,4150000000,1,1,18330
경기도,이천시,4150000000,1,2,14999
경기도,이천시,4150000000,1,3,17905
경기도,이천시,4150000000,1,4,17541
경기도,이천시,4150000000,1,5,19218
경기도,이천시,4150000000,1,6,29443
경기도,이천시,4150000000,2,1,17174
경기도,이천시,4150000000,2,2,11208
경기도,이천시,4150000000,2,3,13666
경기도,이천시,4150000000,2,4,15767
경기도,이천시,4150000000,2,5,17863
경기도,이천시,4150000000,2,6,31626
경기도,파주시,4148000000,1,1,47960
경기도,파주시,4148000000,1,2,28826
경기도,파주시,4148000000,1,3,38209
경기도,파주시,4148000000,1,4,45897
경기도,파주시,4148000000,1,5,46145
경기도,파주시,4148000000,1,6,61345
경기도,파주시,4148000000,2,1,46137
경기도,파주시,4148000000,2,2,25648
경기도,파주시,4148000000,2,3,36171
경기도,파주시,4148000000,2,4,42470
경기도,파주시,4148000000,2,5,43986
경기도,파주시,4148000000,2,6,70593
경기도,평택시,4122000000,1,1,53741
경기도,평택시,4122000000,1,2,40492
경기도,평택시,4122000000,1,3,57565
경기도,평택시,4122000000,1,4,55618
경기도,평택시,4122000000,1,5,54321
경기도,평택시,4122000000,1,6,64200
경기도,평택시,4122000000,2,1,51886
경기도,평택시,4122000000,2,2,31662
경기도,평택시,4122000000,2,3,44168
경기도,평택시,4122000000,2,4,46321
경기도,평택시,4122000000,2,5,48664
경기도,평택시,4122000000,2,6,71032
경기도,포천시,4165000000,1,1,7982
경기도,포천시,4165000000,1,2,7803
경기도,포천시,4165000000,1,3,8048
경기도,포천시,4165000000,1,4,8321
경기도,포천시,4165000000,1,5,13857
경기도,포천시,4165000000,1,6,28382
경기도,포천시,4165000000,2,1,7179
경기도,포천시,4165000000,2,2,5882
경기도,포천시,4165000000,2,3,5971
경기도,포천시,4165000000,2,4,6953
경기도,포천시,4165000000,2,5,11848
경기도,포천시,4165000000,2,6,28242
경기도,하남시,4145000000,1,1,30294
경기도,하남시,4145000000,1,2,16050
경기도,하남시,4145000000,1,3,24008
경기도,하남시,4145000000,1,4,29993
경기도,하남시,4145000000,1,5,25457
경기도,하남시,4145000000,1,6,36574
경기도,하남시,4145000000,2,1,29181
경기도,하남시,4145000000,2,2,16371
경기도,하남시,4145000000,2,3,24640
경기도,하남시,4145000000,2,4,29390
경기도,하남시,4145000000,2,5,24517
경기도,하남시,4145000000,2,6,41020
경기도,화성시 동탄구,4159700000,1,1,54030
경기도,화성시 동탄구,4159700000,1,2,23649
경기도,화성시 동탄구,4159700000,1,3,39837
경기도,화성시 동탄구,4159700000,1,4,45033
경기도,화성시 동탄구,4159700000,1,5,30966
경기도,화성시 동탄구,4159700000,1,6,22840
경기도,화성시 동탄구,4159700000,2,1,52075
경기도,화성시 동탄구,4159700000,2,2,22913
경기도,화성시 동탄구,4159700000,2,3,38636
경기도,화성시 동탄구,4159700000,2,4,44868
경기도,화성시 동탄구,4159700000,2,5,29428
경기도,화성시 동탄구,4159700000,2,6,24714
경기도,화성시 만세구,4159100000,1,1,19893
경기도,화성시 만세구,4159100000,1,2,13506
경기도,화성시 만세구,4159100000,1,3,18454
경기도,화성시 만세구,4159100000,1,4,22121
경기도,화성시 만세구,4159100000,1,5,22711
경기도,화성시 만세구,4159100000,1,6,31138
경기도,화성시 만세구,4159100000,2,1,18911
경기도,화성시 만세구,4159100000,2,2,9754
경기도,화성시 만세구,4159100000,2,3,13241
경기도,화성시 만세구,4159100000,2,4,17342
경기도,화성시 만세구,4159100000,2,5,17044
경기도,화성시 만세구,4159100000,2,6,30367
경기도,화성시 병점구,4159500000,1,1,16870
경기도,화성시 병점구,4159500000,1,2,12020
경기도,화성시 병점구,4159500000,1,3,16187
경기도,화성시 병점구,4159500000,1,4,16265
경기도,화성시 병점구,4159500000,1,5,14170
경기도,화성시 병점구,4159500000,1,6,14921
경기도,화성시 병점구,4159500000,2,1,15882
경기도,화성시 병점구,4159500000,2,2,9982
경기도,화성시 병점구,4159500000,2,3,13344
경기도,화성시 병점구,4159500000,2,4,14616
경기도,화성시 병점구,4159500000,2,5,13616
경기도,화성시 병점구,4159500000,2,6,16921
경기도,화성시 효행구,4159300000,1,1,14603
경기도,화성시 효행구,4159300000,1,2,8674
경기도,화성시 효행구,4159300000,1,3,13863
경기도,화성시 효행구,4159300000,1,4,14047
경기도,화성시 효행구,4159300000,1,5,13698
경기도,화성시 효행구,4159300000,1,6,17896
경기도,화성시 효행구,4159300000,2,1,14420
경기도,화성시 효행구,4159300000,2,2,7912
경기도,화성시 효행구,4159300000,2,3,12153
경기도,화성시 효행구,4159300000,2,4,12236
경기도,화성시 효행구,4159300000,2,5,12209
경기도,화성시 효행구,4159300000,2,6,18770
경상남도,거제시,4831000000,1,1,21885
경상남도,거제시,4831000000,1,2,10364
경상남도,거제시,4831000000,1,3,11679
경상남도,거제시,4831000000,1,4,23404
경상남도,거제시,4831000000,1,5,24690
경상남도,거제시,4831000000,1,6,28444
경상남도,거제시,4831000000,2,1,20206
경상남도,거제시,4831000000,2,2,7428
경상남도,거제시,4831000000,2,3,10244
경상남도,거제시,4831000000,2,4,20314
경상남도,거제시,4831000000,2,5,20682
경상남도,거제시,4831000000,2,6,29689
경상남도,거창군,4888000000,1,1,4449
경상남도,거창군,4888000000,1,2,2445
경상남도,거창군,4888000000,1,3,2443
경상남도,거창군,4888000000,1,4,3197
경상남도,거창군,4888000000,1,5,5064
경상남도,거창군,4888000000,1,6,11407
경상남도,거창군,4888000000,2,1,3737
경상남도,거창군,4888000000,2,2,1777
경상남도,거창군,4888000000,2,3,2032
경상남도,거창군,4888000000,2,4,3195
경상남도,거창군,4888000000,2,5,4704
경상남도,거창군,4888000000,2,6,14396
경상남도,고성군,4882000000,1,1,2679
경상남도,고성군,4882000000,1,2,1502
경상남도,고성군,4882000000,1,3,1433
경상남도,고성군,4882000000,1,4,2649
경상남도,고성군,4882000000,1,5,4452
경상남도,고성군,4882000000,1,6,11083
경상남도,고성군,4882000000,2,1,2210
경상남도,고성군,4882000000,2,2,1026
경상남도,고성군,4882000000,2,3,1081
경상남도,고성군,4882000000,2,4,2199
경상남도,고성군,4882000000,2,5,3630
경상남도,고성군,4882000000,2,6,12864
경상남도,김해시,4825000000,1,1,46928
경상남도,김해시,4825000000,1,2,29072
경상남도,김해시,4825000000,1,3,34470
경상남도,김해시,4825000000,1,4,43111
경상남도,김해시,4825000000,1,5,52030
경상남도,김해시,4825000000,1,6,63823
경상남도,김해시,4825000000,2,1,44669
경상남도,김해시,4825000000,2,2,23466
경상남도,김해시,4825000000,2,3,30473
경상남도,김해시,4825000000,2,4,42060
경상남도,김해시,4825000000,2,5,52447
경상남도,김해시,4825000000,2,6,70228
경상남도,남해군,4884000000,1,1,2108
경상남도,남해군,4884000000,1,2,1375
경상남도,남해군,4884000000,1,3,1267
경상남도,남해군,4884000000,1,4,1816
경상남도,남해군,4884000000,1,5,3598
경상남도,남해군,4884000000,1,6,9963
경상남도,남해군,4884000000,2,1,1783
경상남도,남해군,4884000000,2,2,942
경상남도,남해군,4884000000,2,3,933
경상남도,남해군,4884000000,2,4,1717
경상남도,남해군,4884000000,2,5,3046
경상남도,남해군,4884000000,2,6,12595
경상남도,밀양시,4827000000,1,1,5332
경상남도,밀양시,4827000000,1,2,3710
경상남도,밀양시,4827000000,1,3,4225
경상남도,밀양시,4827000000,1,4,5757
경상남도,밀양시,4827000000,1,5,8329
경상남도,밀양시,4827000000,1,6,21625
경상남도,밀양시,4827000000,2,1,4945
경상남도,밀양시,4827000000,2,2,2619
경상남도,밀양시,4827000000,2,3,3242
경상남도,밀양시,4827000000,2,4,5094
경상남도,밀양시,4827000000,2,5,7829
경상남도,밀양시,4827000000,2,6,25884
경상남도,사천시,4824000000,1,1,7858
경상남도,사천시,4824000000,1,2,5260
경상남도,사천시,4824000000,1,3,5973
경상남도,사천시,4824000000,1,4,7829
경상남도,사천시,4824000000,1,5,10347
경상남도,사천시,4824000000,1,6,17556
경상남도,사천시,4824000000,2,1,7265
경상남도,사천시,4824000000,2,2,3504
경상남도,사천시,4824000000,2,3,4444
경상남도,사천시,4824000000,2,4,7210
경상남도,사천시,4824000000,2,5,9106
경상남도,사천시,4824000000,2,6,21530
경상남도,산청군,4886000000,1,1,1299
경상남도,산청군,4886000000,1,2,887
경상남도,산청군,4886000000,1,3,902
경상남도,산청군,4886000000,1,4,1368
경상남도,산청군,4886000000,1,5,2997
경상남도,산청군,4886000000,1,6,8825
경상남도,산청군,4886000000,2,1,1099
경상남도,산청군,4886000000,2,2,665
경상남도,산청군,4886000000,2,3,723
경상남도,산청군,4886000000,2,4,1153
경상남도,산청군,4886000000,2,5,2579
경상남도,산청군,4886000000,2,6,10141
경상남도,양산시,4833000000,1,1,31744
경상남도,양산시,4833000000,1,2,16758
경상남도,양산시,4833000000,1,3,23388
경상남도,양산시,4833000000,1,4,30745
경상남도,양산시,4833000000,1,5,31793
경상남도,양산시,4833000000,1,6,46636
경상남도,양산시,4833000000,2,1,30183
경상남도,양산시,4833000000,2,2,14359
경상남도,양산시,4833000000,2,3,21442
경상남도,양산시,4833000000,2,4,29107
경상남도,양산시,4833000000,2,5,31829
경상남도,양산시,4833000000,2,6,53405
경상남도,의령군,4872000000,1,1,1048
경상남도,의령군,4872000000,1,2,752
경상남도,의령군,4872000000,1,3,730
경상남도,의령군,4872000000,1,4,1183
경상남도,의령군,4872000000,1,5,2218
경상남도,의령군,4872000000,1,6,6371
경상남도,의령군,4872000000,2,1,884
경상남도,의령군,4872000000,2,2,476
경상남도,의령군,4872000000,2,3,644
경상남도,의령군,4872000000,2,4,963
경상남도,의령군,4872000000,2,5,1773
경상남도,의령군,4872000000,2,6,7489
경상남도,진주시,4817000000,1,1,27652
경상남도,진주시,4817000000,1,2,20535
경상남도,진주시,4817000000,1,3,20622
경상남도,진주시,4817000000,1,4,22955
경상남도,진주시,4817000000,1,5,28114
경상남도,진주시,4817000000,1,6,45528
경상남도,진주시,4817000000,2,1,25684
경상남도,진주시,4817000000,2,2,16549
경상남도,진주시,4817000000,2,3,18227
경상남도,진주시,4817000000,2,4,23405
경상남도,진주시,4817000000,2,5,28677
경상남도,진주시,4817000000,2,6,56703
경상남도,창녕군,4874000000,1,1,2859
경상남도,창녕군,4874000000,1,2,1571
경상남도,창녕군,4874000000,1,3,2038
경상남도,창녕군,4874000000,1,4,2991
경상남도,창녕군,4874000000,1,5,4989
경상남도,창녕군,4874000000,1,6,12953
경상남도,창녕군,4874000000,2,1,2565
경상남도,창녕군,4874000000,2,2,1046
경상남도,창녕군,4874000000,2,3,1462
경상남도,창녕군,4874000000,2,4,2535
경상남도,창녕군,4874000000,2,5,3967
경상남도,창녕군,4874000000,2,6,15469
경상남도,창원시 마산합포구,4812500000,1,1,12528
경상남도,창원시 마산합포구,4812500000,1,2,8069
경상남도,창원시 마산합포구,4812500000,1,3,9594
경상남도,창원시 마산합포구,4812500000,1,4,13371
경상남도,창원시 마산합포구,4812500000,1,5,14281
경상남도,창원시 마산합포구,4812500000,1,6,28415
경상남도,창원시 마산합포구,4812500000,2,1,11812
경상남도,창원시 마산합포구,4812500000,2,2,6442
경상남도,창원시 마산합포구,4812500000,2,3,8613
경상남도,창원시 마산합포구,4812500000,2,4,12027
경상남도,창원시 마산합포구,4812500000,2,5,13835
경상남도,창원시 마산합포구,4812500000,2,6,35500
경상남도,창원시 마산회원구,4812700000,1,1,12463
경상남도,창원시 마산회원구,4812700000,1,2,8425
경상남도,창원시 마산회원구,4812700000,1,3,9636
경상남도,창원시 마산회원구,4812700000,1,4,12785
경상남도,창원시 마산회원구,4812700000,1,5,15778
경상남도,창원시 마산회원구,4812700000,1,6,27536
경상남도,창원시 마산회원구,4812700000,2,1,11578
경상남도,창원시 마산회원구,4812700000,2,2,6852
경상남도,창원시 마산회원구,4812700000,2,3,8332
경상남도,창원시 마산회원구,4812700000,2,4,11966
경상남도,창원시 마산회원구,4812700000,2,5,15698
경상남도,창원시 마산회원구,4812700000,2,6,33126
경상남도,창원시 성산구,4812300000,1,1,20244
경상남도,창원시 성산구,4812300000,1,2,15660
경상남도,창원시 성산구,4812300000,1,3,19772
경상남도,창원시 성산구,4812300000,1,4,18606
경상남도,창원시 성산구,4812300000,1,5,21399
경상남도,창원시 성산구,4812300000,1,6,29500
경상남도,창원시 성산구,4812300000,2,1,19079
경상남도,창원시 성산구,4812300000,2,2,11695
경상남도,창원시 성산구,4812300000,2,3,16462
경상남도,창원시 성산구,4812300000,2,4,17987
경상남도,창원시 성산구,4812300000,2,5,24263
경상남도,창원시 성산구,4812300000,2,6,30625
경상남도,창원시 의창구,4812100000,1,1,15992
경상남도,창원시 의창구,4812100000,1,2,11846
경상남도,창원시 의창구,4812100000,1,3,14130
경상남도,창원시 의창구,4812100000,1,4,15828
경상남도,창원시 의창구,4812100000,1,5,18583
경상남도,창원시 의창구,4812100000,1,6,30099
경상남도,창원시 의창구,4812100000,2,1,15110
경상남도,창원시 의창구,4812100000,2,2,9014
경상남도,창원시 의창구,4812100000,2,3,11890
경상남도,창원시 의창구,4812100000,2,4,14817
경상남도,창원시 의창구,4812100000,2,5,19237
경상남도,창원시 의창구,4812100000,2,6,32831
경상남도,창원시 진해구,4812900000,1,1,16156
경상남도,창원시 진해구,4812900000,1,2,9949
경상남도,창원시 진해구,4812900000,1,3,11299
경상남도,창원시 진해구,4812900000,1,4,16459
경상남도,창원시 진해구,4812900000,1,5,17158
경상남도,창원시 진해구,4812900000,1,6,23316
경상남도,창원시 진해구,4812900000,2,1,15121
경상남도,창원시 진해구,4812900000,2,2,7026
경상남도,창원시 진해구,4812900000,2,3,8995
경상남도,창원시 진해구,4812900000,2,4,15094
경상남도,창원시 진해구,4812900000,2,5,15092
경상남도,창원시 진해구,4812900000,2,6,27277
경상남도,통영시,4822000000,1,1,8494
경상남도,통영시,4822000000,1,2,4816
경상남도,통영시,4822000000,1,3,4521
경상남도,통영시,4822000000,1,4,8844
경상남도,통영시,4822000000,1,5,11569
경상남도,통영시,4822000000,1,6,19970
경상남도,통영시,4822000000,2,1,8157
경상남도,통영시,4822000000,2,2,3583
경상남도,통영시,4822000000,2,3,4143
경상남도,통영시,4822000000,2,4,8183
경상남도,통영시,4822000000,2,5,10111
경상남도,통영시,4822000000,2,6,23499
경상남도,하동군,4885000000,1,1,1628
경상남도,하동군,4885000000,1,2,1143
경상남도,하동군,4885000000,1,3,1201
경상남도,하동군,4885000000,1,4,1742
경상남도,하동군,4885000000,1,5,3883
경상남도,하동군,4885000000,1,6,10316
경상남도,하동군,4885000000,2,1,1472
경상남도,하동군,4885000000,2,2,765
경상남도,하동군,4885000000,2,3,910
경상남도,하동군,4885000000,2,4,1459
경상남도,하동군,4885000000,2,5,3128
경상남도,하동군,4885000000,2,6,11949
경상남도,함안군,4873000000,1,1,3625
경상남도,함안군,4873000000,1,2,2168
경상남도,함안군,4873000000,1,3,2085
경상남도,함안군,4873000000,1,4,3542
경상남도,함안군,4873000000,1,5,5674
경상남도,함안군,4873000000,1,6,12159
경상남도,함안군,4873000000,2,1,3390
경상남도,함안군,4873000000,2,2,1354
경상남도,함안군,4873000000,2,3,1635
경상남도,함안군,4873000000,2,4,3340
경상남도,함안군,4873000000,2,5,4498
경상남도,함안군,4873000000,2,6,13397
경상남도,함양군,4887000000,1,1,1822
경상남도,함양군,4887000000,1,2,1122
경상남도,함양군,4887000000,1,3,1076
경상남도,함양군,4887000000,1,4,1645
경상남도,함양군,4887000000,1,5,3247
경상남도,함양군,4887000000,1,6,8341
경상남도,함양군,4887000000,2,1,1652
경상남도,함양군,4887000000,2,2,799
경상남도,함양군,4887000000,2,3,901
경상남도,함양군,4887000000,2,4,1520
경상남도,함양군,4887000000,2,5,2740
경상남도,함양군,4887000000,2,6,10276
경상남도,합천군,4889000000,1,1,1516
경상남도,합천군,4889000000,1,2,1023
경상남도,합천군,4889000000,1,3,1094
경상남도,합천군,4889000000,1,4,1751
경상남도,합천군,4889000000,1,5,3384
경상남도,합천군,4889000000,1,6,10510
경상남도,합천군,4889000000,2,1,1277
경상남도,합천군,4889000000,2,2,723
경상남도,합천군,4889000000,2,3,822
경상남도,합천군,4889000000,2,4,1398
경상남도,합천군,4889000000,2,5,2602
경상남도,합천군,4889000000,2,6,12754
경상북도,경산시,4729000000,1,1,18682
경상북도,경산시,4729000000,1,2,18157
경상북도,경산시,4729000000,1,3,16624
경상북도,경산시,4729000000,1,4,18581
경상북도,경산시,4729000000,1,5,22882
경상북도,경산시,4729000000,1,6,37328
경상북도,경산시,4729000000,2,1,18358
경상북도,경산시,4729000000,2,2,14890
경상북도,경산시,4729000000,2,3,13613
경상북도,경산시,4729000000,2,4,17306
경상북도,경산시,4729000000,2,5,22836
경상북도,경산시,4729000000,2,6,44149
경상북도,경주시,4713000000,1,1,15396
경상북도,경주시,4713000000,1,2,11067
경상북도,경주시,4713000000,1,3,12709
경상북도,경주시,4713000000,1,4,15592
경상북도,경주시,4713000000,1,5,22693
경상북도,경주시,4713000000,1,6,44303
경상북도,경주시,4713000000,2,1,14358
경상북도,경주시,4713000000,2,2,8655
경상북도,경주시,4713000000,2,3,10412
경상북도,경주시,4713000000,2,4,14155
경상북도,경주시,4713000000,2,5,21631
경상북도,경주시,4713000000,2,6,52080
경상북도,고령군,4783000000,1,1,1297
경상북도,고령군,4783000000,1,2,975
경상북도,고령군,4783000000,1,3,1034
경상북도,고령군,4783000000,1,4,1553
경상북도,고령군,4783000000,1,5,2967
경상북도,고령군,4783000000,1,6,7466
경상북도,고령군,4783000000,2,1,1156
경상북도,고령군,4783000000,2,2,670
경상북도,고령군,4783000000,2,3,835
경상북도,고령군,4783000000,2,4,1257
경상북도,고령군,4783000000,2,5,2218
경상북도,고령군,4783000000,2,6,8117
경상북도,구미시,4719000000,1,1,36852
경상북도,구미시,4719000000,1,2,25049
경상북도,구미시,4719000000,1,3,31463
경상북도,구미시,4719000000,1,4,35989
경상북도,구미시,4719000000,1,5,35576
경상북도,구미시,4719000000,1,6,43539
경상북도,구미시,4719000000,2,1,34259
경상북도,구미시,4719000000,2,2,17474
경상북도,구미시,4719000000,2,3,25658
경상북도,구미시,4719000000,2,4,33470
경상북도,구미시,4719000000,2,5,36160
경상북도,구미시,4719000000,2,6,47237
경상북도,김천시,4715000000,1,1,10178
경상북도,김천시,4715000000,1,2,5718
경상북도,김천시,4715000000,1,3,7049
경상북도,김천시,4715000000,1,4,8846
경상북도,김천시,4715000000,1,5,11391
경상북도,김천시,4715000000,1,6,23764
경상북도,김천시,4715000000,2,1,8786
경상북도,김천시,4715000000,2,2,4391
경상북도,김천시,4715000000,2,3,5818
경상북도,김천시,4715000000,2,4,8051
경상북도,김천시,4715000000,2,5,10653
경상북도,김천시,4715000000,2,6,28095
경상북도,문경시,4728000000,1,1,3734
경상북도,문경시,4728000000,1,2,2441
경상북도,문경시,4728000000,1,3,2359
경상북도,문경시,4728000000,1,4,3483
경상북도,문경시,4728000000,1,5,5598
경상북도,문경시,4728000000,1,6,14262
경상북도,문경시,4728000000,2,1,3384
경상북도,문경시,4728000000,2,2,1824
경상북도,문경시,4728000000,2,3,1990
경상북도,문경시,4728000000,2,4,3197
경상북도,문경시,4728000000,2,5,4949
경상북도,문경시,4728000000,2,6,17553
경상북도,봉화군,4792000000,1,1,1201
경상북도,봉화군,4792000000,1,2,763
경상북도,봉화군,4792000000,1,3,768
경상북도,봉화군,4792000000,1,4,1273
경상북도,봉화군,4792000000,1,5,2555
경상북도,봉화군,4792000000,1,6,7839
경상북도,봉화군,4792000000,2,1,1130
경상북도,봉화군,4792000000,2,2,498
경상북도,봉화군,4792000000,2,3,571
경상북도,봉화군,4792000000,2,4,993
경상북도,봉화군,4792000000,2,5,1884
경상북도,봉화군,4792000000,2,6,8647
경상북도,상주시,4725000000,1,1,5359
경상북도,상주시,4725000000,1,2,3296
경상북도,상주시,4725000000,1,3,3175
경상북도,상주시,4725000000,1,4,4793
경상북도,상주시,4725000000,1,5,7599
경상북도,상주시,4725000000,1,6,19927
경상북도,상주시,4725000000,2,1,4708
경상북도,상주시,4725000000,2,2,2420
경상북도,상주시,4725000000,2,3,2678
경상북도,상주시,4725000000,2,4,4193
경상북도,상주시,4725000000,2,5,6696
경상북도,상주시,4725000000,2,6,24384
경상북도,성주군,4784000000,1,1,1602
경상북도,성주군,4784000000,1,2,1092
경상북도,성주군,4784000000,1,3,1601
경상북도,성주군,4784000000,1,4,2221
경상북도,성주군,4784000000,1,5,3797
경상북도,성주군,4784000000,1,6,10894
경상북도,성주군,4784000000,2,1,1563
경상북도,성주군,4784000000,2,2,745
경상북도,성주군,4784000000,2,3,1125
경상북도,성주군,4784000000,2,4,1556
경상북도,성주군,4784000000,2,5,2879
경상북도,성주군,4784000000,2,6,11386
경상북도,안동시,4717000000,1,1,10540
경상북도,안동시,4717000000,1,2,8039
경상북도,안동시,4717000000,1,3,7566
경상북도,안동시,4717000000,1,4,9229
경상북도,안동시,4717000000,1,5,13079
경상북도,안동시,4717000000,1,6,26868
경상북도,안동시,4717000000,2,1,9568
경상북도,안동시,4717000000,2,2,6859
경상북도,안동시,4717000000,2,3,6414
경상북도,안동시,4717000000,2,4,8856
경상북도,안동시,4717000000,2,5,12113
경상북도,안동시,4717000000,2,6,32733
경상북도,영덕군,4777000000,1,1,1334
경상북도,영덕군,4777000000,1,2,862
경상북도,영덕군,4777000000,1,3,997
경상북도,영덕군,4777000000,1,4,1545
경상북도,영덕군,4777000000,1,5,2878
경상북도,영덕군,4777000000,1,6,8049
경상북도,영덕군,4777000000,2,1,1268
경상북도,영덕군,4777000000,2,2,658
경상북도,영덕군,4777000000,2,3,792
경상북도,영덕군,4777000000,2,4,1396
경상북도,영덕군,4777000000,2,5,2309
경상북도,영덕군,4777000000,2,6,10472
경상북도,영양군,4776000000,1,1,674
경상북도,영양군,4776000000,1,2,508
경상북도,영양군,4776000000,1,3,531
경상북도,영양군,4776000000,1,4,773
경상북도,영양군,4776000000,1,5,1500
경상북도,영양군,4776000000,1,6,4075
경상북도,영양군,4776000000,2,1,596
경상북도,영양군,4776000000,2,2,389
경상북도,영양군,4776000000,2,3,414
경상북도,영양군,4776000000,2,4,582
경상북도,영양군,4776000000,2,5,1076
경상북도,영양군,4776000000,2,6,4854
경상북도,영주시,4721000000,1,1,6581
경상북도,영주시,4721000000,1,2,4374
경상북도,영주시,4721000000,1,3,4109
경상북도,영주시,4721000000,1,4,5513
경상북도,영주시,4721000000,1,5,8489
경상북도,영주시,4721000000,1,6,18922
경상북도,영주시,4721000000,2,1,5805
경상북도,영주시,4721000000,2,2,3171
경상북도,영주시,4721000000,2,3,3291
경상북도,영주시,4721000000,2,4,5209
경상북도,영주시,4721000000,2,5,7853
경상북도,영주시,4721000000,2,6,23123
경상북도,영천시,4723000000,1,1,5214
경상북도,영천시,4723000000,1,2,3535
경상북도,영천시,4723000000,1,3,4148
경상북도,영천시,4723000000,1,4,5441
경상북도,영천시,4723000000,1,5,8753
경상북도,영천시,4723000000,1,6,21011
경상북도,영천시,4723000000,2,1,4775
경상북도,영천시,4723000000,2,2,2434
경상북도,영천시,4723000000,2,3,3448
경상북도,영천시,4723000000,2,4,4389
경상북도,영천시,4723000000,2,5,7405
경상북도,영천시,4723000000,2,6,23554
경상북도,예천군,4790000000,1,1,4138
경상북도,예천군,4790000000,1,2,1784
경상북도,예천군,4790000000,1,3,2508
경상북도,예천군,4790000000,1,4,3380
경상북도,예천군,4790000000,1,5,4055
경상북도,예천군,4790000000,1,6,10603
경상북도,예천군,4790000000,2,1,3986
경상북도,예천군,4790000000,2,2,1333
경상북도,예천군,4790000000,2,3,2369
경상북도,예천군,4790000000,2,4,3268
경상북도,예천군,4790000000,2,5,3323
경상북도,예천군,4790000000,2,6,12675
경상북도,울릉군,4794000000,1,1,326
경상북도,울릉군,4794000000,1,2,426
경상북도,울릉군,4794000000,1,3,506
경상북도,울릉군,4794000000,1,4,647
경상북도,울릉군,4794000000,1,5,1085
경상북도,울릉군,4794000000,1,6,1955
경상북도,울릉군,4794000000,2,1,331
경상북도,울릉군,4794000000,2,2,204
경상북도,울릉군,4794000000,2,3,278
경상북도,울릉군,4794000000,2,4,413
경상북도,울릉군,4794000000,2,5,674
경상북도,울릉군,4794000000,2,6,1923
경상북도,울진군,4793000000,1,1,2687
경상북도,울진군,4793000000,1,2,2155
경상북도,울진군,4793000000,1,3,2355
경상북도,울진군,4793000000,1,4,2672
경상북도,울진군,4793000000,1,5,4519
경상북도,울진군,4793000000,1,6,9301
경상북도,울진군,4793000000,2,1,2401
경상북도,울진군,4793000000,2,2,1405
경상북도,울진군,4793000000,2,3,1709
경상북도,울진군,4793000000,2,4,2319
경상북도,울진군,4793000000,2,5,3519
경상북도,울진군,4793000000,2,6,11153
경상북도,의성군,4773000000,1,1,1805
경상북도,의성군,4773000000,1,2,1089
경상북도,의성군,4773000000,1,3,1491
경상북도,의성군,4773000000,1,4,2156
경상북도,의성군,4773000000,1,5,3993
경상북도,의성군,4773000000,1,6,13604
경상북도,의성군,4773000000,2,1,1487
경상북도,의성군,4773000000,2,2,790
경상북도,의성군,4773000000,2,3,1109
경상북도,의성군,4773000000,2,4,1579
경상북도,의성군,4773000000,2,5,2939
경상북도,의성군,4773000000,2,6,15910
경상북도,청도군,4782000000,1,1,1505
경상북도,청도군,4782000000,1,2,921
경상북도,청도군,4782000000,1,3,1168
경상북도,청도군,4782000000,1,4,1907
경상북도,청도군,4782000000,1,5,3379
경상북도,청도군,4782000000,1,6,11188
경상북도,청도군,4782000000,2,1,1435
경상북도,청도군,4782000000,2,2,706
경상북도,청도군,4782000000,2,3,923
경상북도,청도군,4782000000,2,4,1579
경상북도,청도군,4782000000,2,5,2796
경상북도,청도군,4782000000,2,6,12514
경상북도,청송군,4775000000,1,1,879
경상북도,청송군,4775000000,1,2,702
경상북도,청송군,4775000000,1,3,976
경상북도,청송군,4775000000,1,4,1138
경상북도,청송군,4775000000,1,5,2134
경상북도,청송군,4775000000,1,6,6331
경상북도,청송군,4775000000,2,1,835
경상북도,청송군,4775000000,2,2,535
경상북도,청송군,4775000000,2,3,591
경상북도,청송군,4775000000,2,4,842
경상북도,청송군,4775000000,2,5,1688
경상북도,청송군,4775000000,2,6,7369
경상북도,칠곡군,4785000000,1,1,7654
경상북도,칠곡군,4785000000,1,2,4926
경상북도,칠곡군,4785000000,1,3,5354
경상북도,칠곡군,4785000000,1,4,9194
경상북도,칠곡군,4785000000,1,5,11409
경상북도,칠곡군,4785000000,1,6,16042
경상북도,칠곡군,4785000000,2,1,7071
경상북도,칠곡군,4785000000,2,2,3212
경상북도,칠곡군,4785000000,2,3,4160
경상북도,칠곡군,4785000000,2,4,7781
경상북도,칠곡군,4785000000,2,5,9668
경상북도,칠곡군,4785000000,2,6,17066
경상북도,포항시 남구,4711100000,1,1,15886
경상북도,포항시 남구,4711100000,1,2,11572
경상북도,포항시 남구,4711100000,1,3,12577
경상북도,포항시 남구,4711100000,1,4,16166
경상북도,포항시 남구,4711100000,1,5,19347
경상북도,포항시 남구,4711100000,1,6,34556
경상북도,포항시 남구,4711100000,2,1,14545
경상북도,포항시 남구,4711100000,2,2,7541
경상북도,포항시 남구,4711100000,2,3,9190
경상북도,포항시 남구,4711100000,2,4,14578
경상북도,포항시 남구,4711100000,2,5,17479
경상북도,포항시 남구,4711100000,2,6,38861
경상북도,포항시 북구,4711300000,1,1,22345
경상북도,포항시 북구,4711300000,1,2,12824
경상북도,포항시 북구,4711300000,1,3,17885
경상북도,포항시 북구,4711300000,1,4,19547
경상북도,포항시 북구,4711300000,1,5,22606
경상북도,포항시 북구,4711300000,1,6,41371
경상북도,포항시 북구,4711300000,2,1,20599
경상북도,포항시 북구,4711300000,2,2,10403
경상북도,포항시 북구,4711300000,2,3,14877
경상북도,포항시 북구,4711300000,2,4,19417
경상북도,포항시 북구,4711300000,2,5,24128
경상북도,포항시 북구,4711300000,2,6,48708
광주광역시,광산구,2920000000,1,1,36701
광주광역시,광산구,2920000000,1,2,26017
광주광역시,광산구,2920000000,1,3,26071
광주광역시,광산구,2920000000,1,4,31360
광주광역시,광산구,2920000000,1,5,36365
광주광역시,광산구,2920000000,1,6,37086
광주광역시,광산구,2920000000,2,1,35054
광주광역시,광산구,2920000000,2,2,22732
광주광역시,광산구,2920000000,2,3,23102
광주광역시,광산구,2920000000,2,4,31640
광주광역시,광산구,2920000000,2,5,35467
광주광역시,광산구,2920000000,2,6,41611
광주광역시,남구,2915500000,1,1,17607
광주광역시,남구,2915500000,1,2,10628
광주광역시,남구,2915500000,1,3,11451
광주광역시,남구,2915500000,1,4,15500
광주광역시,남구,2915500000,1,5,15881
광주광역시,남구,2915500000,1,6,27031
광주광역시,남구,2915500000,2,1,17591
광주광역시,남구,2915500000,2,2,10161
광주광역시,남구,2915500000,2,3,11289
광주광역시,남구,2915500000,2,4,16327
광주광역시,남구,2915500000,2,5,16754
광주광역시,남구,2915500000,2,6,35427
광주광역시,동구,2911000000,1,1,7305
광주광역시,동구,2911000000,1,2,6717
광주광역시,동구,2911000000,1,3,7357
광주광역시,동구,2911000000,1,4,7287
광주광역시,동구,2911000000,1,5,7717
광주광역시,동구,2911000000,1,6,15058
광주광역시,동구,2911000000,2,1,6991
광주광역시,동구,2911000000,2,2,6683
광주광역시,동구,2911000000,2,3,6923
광주광역시,동구,2911000000,2,4,6773
광주광역시,동구,2911000000,2,5,7595
광주광역시,동구,2911000000,2,6,18794
광주광역시,북구,2917000000,1,1,33294
광주광역시,북구,2917000000,1,2,25404
광주광역시,북구,2917000000,1,3,27879
광주광역시,북구,2917000000,1,4,30874
광주광역시,북구,2917000000,1,5,34979
광주광역시,북구,2917000000,1,6,53521
광주광역시,북구,2917000000,2,1,31126
광주광역시,북구,2917000000,2,2,22795
광주광역시,북구,2917000000,2,3,25710
광주광역시,북구,2917000000,2,4,29901
광주광역시,북구,2917000000,2,5,35602
광주광역시,북구,2917000000,2,6,65698
광주광역시,서구,2914000000,1,1,21165
광주광역시,서구,2914000000,1,2,17914
광주광역시,서구,2914000000,1,3,17878
광주광역시,서구,2914000000,1,4,19650
광주광역시,서구,2914000000,1,5,23809
광주광역시,서구,2914000000,1,6,33822
광주광역시,서구,2914000000,2,1,19478
광주광역시,서구,2914000000,2,2,16891
광주광역시,서구,2914000000,2,3,16243
광주광역시,서구,2914000000,2,4,20365
광주광역시,서구,2914000000,2,5,25351
광주광역시,서구,2914000000,2,6,42058
대구광역시,군위군,2772000000,1,1,691
대구광역시,군위군,2772000000,1,2,530
대구광역시,군위군,2772000000,1,3,689
대구광역시,군위군,2772000000,1,4,919
대구광역시,군위군,2772000000,1,5,2004
대구광역시,군위군,2772000000,1,6,6961
대구광역시,군위군,2772000000,2,1,552
대구광역시,군위군,2772000000,2,2,379
대구광역시,군위군,2772000000,2,3,459
대구광역시,군위군,2772000000,2,4,704
대구광역시,군위군,2772000000,2,5,1507
대구광역시,군위군,2772000000,2,6,7227
대구광역시,남구,2720000000,1,1,7127
대구광역시,남구,2720000000,1,2,7726
대구광역시,남구,2720000000,1,3,9899
대구광역시,남구,2720000000,1,4,8758
대구광역시,남구,2720000000,1,5,11496
대구광역시,남구,2720000000,1,6,22173
대구광역시,남구,2720000000,2,1,6898
대구광역시,남구,2720000000,2,2,8631
대구광역시,남구,2720000000,2,3,8536
대구광역시,남구,2720000000,2,4,8524
대구광역시,남구,2720000000,2,5,11811
대구광역시,남구,2720000000,2,6,29765
대구광역시,달서구,2729000000,1,1,38305
대구광역시,달서구,2729000000,1,2,29666
대구광역시,달서구,2729000000,1,3,32846
대구광역시,달서구,2729000000,1,4,34986
대구광역시,달서구,2729000000,1,5,44639
대구광역시,달서구,2729000000,1,6,70571
대구광역시,달서구,2729000000,2,1,36674
대구광역시,달서구,2729000000,2,2,27017
대구광역시,달서구,2729000000,2,3,28170
대구광역시,달서구,2729000000,2,4,35927
대구광역시,달서구,2729000000,2,5,48664
대구광역시,달서구,2729000000,2,6,85934
대구광역시,달성군,2771000000,1,1,23902
대구광역시,달성군,2771000000,1,2,11958
대구광역시,달성군,2771000000,1,3,17292
대구광역시,달성군,2771000000,1,4,22341
대구광역시,달성군,2771000000,1,5,20746
대구광역시,달성군,2771000000,1,6,31417
대구광역시,달성군,2771000000,2,1,22903
대구광역시,달성군,2771000000,2,2,9338
대구광역시,달성군,2771000000,2,3,14832
대구광역시,달성군,2771000000,2,4,20902
대구광역시,달성군,2771000000,2,5,20308
대구광역시,달성군,2771000000,2,6,36061
대구광역시,동구,2714000000,1,1,23018
대구광역시,동구,2714000000,1,2,17210
대구광역시,동구,2714000000,1,3,23720
대구광역시,동구,2714000000,1,4,23638
대구광역시,동구,2714000000,1,5,27352
대구광역시,동구,2714000000,1,6,50279
대구광역시,동구,2714000000,2,1,21637
대구광역시,동구,2714000000,2,2,15780
대구광역시,동구,2714000000,2,3,20635
대구광역시,동구,2714000000,2,4,22498
대구광역시,동구,2714000000,2,5,28209
대구광역시,동구,2714000000,2,6,64500
대구광역시,북구,2723000000,1,1,29900
대구광역시,북구,2723000000,1,2,26674
대구광역시,북구,2723000000,1,3,25850
대구광역시,북구,2723000000,1,4,27811
대구광역시,북구,2723000000,1,5,36992
대구광역시,북구,2723000000,1,6,53949
대구광역시,북구,2723000000,2,1,28555
대구광역시,북구,2723000000,2,2,23032
대구광역시,북구,2723000000,2,3,21848
대구광역시,북구,2723000000,2,4,27760
대구광역시,북구,2723000000,2,5,38628
대구광역시,북구,2723000000,2,6,65916
대구광역시,서구,2717000000,1,1,8383
대구광역시,서구,2717000000,1,2,7562
대구광역시,서구,2717000000,1,3,10936
대구광역시,서구,2717000000,1,4,10521
대구광역시,서구,2717000000,1,5,14345
대구광역시,서구,2717000000,1,6,29102
대구광역시,서구,2717000000,2,1,8152
대구광역시,서구,2717000000,2,2,6676
대구광역시,서구,2717000000,2,3,8669
대구광역시,서구,2717000000,2,4,8942
대구광역시,서구,2717000000,2,5,13747
대구광역시,서구,2717000000,2,6,36473
대구광역시,수성구,2726000000,1,1,36863
대구광역시,수성구,2726000000,1,2,22038
대구광역시,수성구,2726000000,1,3,21587
대구광역시,수성구,2726000000,1,4,29290
대구광역시,수성구,2726000000,1,5,34543
대구광역시,수성구,2726000000,1,6,51557
대구광역시,수성구,2726000000,2,1,34366
대구광역시,수성구,2726000000,2,2,19423
대구광역시,수성구,2726000000,2,3,21319
대구광역시,수성구,2726000000,2,4,33269
대구광역시,수성구,2726000000,2,5,39131
대구광역시,수성구,2726000000,2,6,64761
대구광역시,중구,2711000000,1,1,7977
대구광역시,중구,2711000000,1,2,6178
대구광역시,중구,2711000000,1,3,9373
대구광역시,중구,2711000000,1,4,7729
대구광역시,중구,2711000000,1,5,6913
대구광역시,중구,2711000000,1,6,10456
대구광역시,중구,2711000000,2,1,7813
대구광역시,중구,2711000000,2,2,7440
대구광역시,중구,2711000000,2,3,9161
대구광역시,중구,2711000000,2,4,7287
대구광역시,중구,2711000000,2,5,7373
대구광역시,중구,2711000000,2,6,14054
대전광역시,대덕구,3023000000,1,1,10495
대전광역시,대덕구,3023000000,1,2,10036
대전광역시,대덕구,3023000000,1,3,10884
대전광역시,대덕구,3023000000,1,4,10952
대전광역시,대덕구,3023000000,1,5,15781
대전광역시,대덕구,3023000000,1,6,25070
대전광역시,대덕구,3023000000,2,1,9939
대전광역시,대덕구,3023000000,2,2,8185
대전광역시,대덕구,3023000000,2,3,8457
대전광역시,대덕구,3023000000,2,4,9859
대전광역시,대덕구,3023000000,2,5,15481
대전광역시,대덕구,3023000000,2,6,28908
대전광역시,동구,3011000000,1,1,15034
대전광역시,동구,3011000000,1,2,14733
대전광역시,동구,3011000000,1,3,13799
대전광역시,동구,3011000000,1,4,15012
대전광역시,동구,3011000000,1,5,18917
대전광역시,동구,3011000000,1,6,32393
대전광역시,동구,3011000000,2,1,14386
대전광역시,동구,3011000000,2,2,12928
대전광역시,동구,3011000000,2,3,11529
대전광역시,동구,3011000000,2,4,13670
대전광역시,동구,3011000000,2,5,17201
대전광역시,동구,3011000000,2,6,38649
대전광역시,서구,3017000000,1,1,37614
대전광역시,서구,3017000000,1,2,31293
대전광역시,서구,3017000000,1,3,34738
대전광역시,서구,3017000000,1,4,33743
대전광역시,서구,3017000000,1,5,37231
대전광역시,서구,3017000000,1,6,52794
대전광역시,서구,3017000000,2,1,35626
대전광역시,서구,3017000000,2,2,31416
대전광역시,서구,3017000000,2,3,31773
대전광역시,서구,3017000000,2,4,35021
대전광역시,서구,3017000000,2,5,39670
대전광역시,서구,3017000000,2,6,63440
대전광역시,유성구,3020000000,1,1,34536
대전광역시,유성구,3020000000,1,2,28344
대전광역시,유성구,3020000000,1,3,31719
대전광역시,유성구,3020000000,1,4,28915
대전광역시,유성구,3020000000,1,5,29099
대전광역시,유성구,3020000000,1,6,35490
대전광역시,유성구,3020000000,2,1,32590
대전광역시,유성구,3020000000,2,2,23917
대전광역시,유성구,3020000000,2,3,27526
대전광역시,유성구,3020000000,2,4,29227
대전광역시,유성구,3020000000,2,5,29975
대전광역시,유성구,3020000000,2,6,39766
대전광역시,중구,3014000000,1,1,15612
대전광역시,중구,3014000000,1,2,12230
대전광역시,중구,3014000000,1,3,13663
대전광역시,중구,3014000000,1,4,15326
대전광역시,중구,3014000000,1,5,19400
대전광역시,중구,3014000000,1,6,33274
대전광역시,중구,3014000000,2,1,15055
대전광역시,중구,3014000000,2,2,12401
대전광역시,중구,3014000000,2,3,12679
대전광역시,중구,3014000000,2,4,15111
대전광역시,중구,3014000000,2,5,18960
대전광역시,중구,3014000000,2,6,40562
부산광역시,강서구,2644000000,1,1,18033
부산광역시,강서구,2644000000,1,2,5791
부산광역시,강서구,2644000000,1,3,12397
부산광역시,강서구,2644000000,1,4,17144
부산광역시,강서구,2644000000,1,5,10467
부산광역시,강서구,2644000000,1,6,15544
부산광역시,강서구,2644000000,2,1,17262
부산광역시,강서구,2644000000,2,2,4818
부산광역시,강서구,2644000000,2,3,11825
부산광역시,강서구,2644000000,2,4,14919
부산광역시,강서구,2644000000,2,5,8670
부산광역시,강서구,2644000000,2,6,16685
부산광역시,금정구,2641000000,1,1,11596
부산광역시,금정구,2641000000,1,2,13704
부산광역시,금정구,2641000000,1,3,11073
부산광역시,금정구,2641000000,1,4,12601
부산광역시,금정구,2641000000,1,5,15954
부산광역시,금정구,2641000000,1,6,34926
부산광역시,금정구,2641000000,2,1,11507
부산광역시,금정구,2641000000,2,2,11755
부산광역시,금정구,2641000000,2,3,9443
부산광역시,금정구,2641000000,2,4,12318
부산광역시,금정구,2641000000,2,5,17144
부산광역시,금정구,2641000000,2,6,43651
부산광역시,기장군,2671000000,1,1,16469
부산광역시,기장군,2671000000,1,2,7796
부산광역시,기장군,2671000000,1,3,10517
부산광역시,기장군,2671000000,1,4,15581
부산광역시,기장군,2671000000,1,5,14555
부산광역시,기장군,2671000000,1,6,21983
부산광역시,기장군,2671000000,2,1,15623
부산광역시,기장군,2671000000,2,2,6663
부산광역시,기장군,2671000000,2,3,9696
부산광역시,기장군,2671000000,2,4,15417
부산광역시,기장군,2671000000,2,5,13834
부산광역시,기장군,2671000000,2,6,27128
부산광역시,남구,2629000000,1,1,17812
부산광역시,남구,2629000000,1,2,15908
부산광역시,남구,2629000000,1,3,14494
부산광역시,남구,2629000000,1,4,17443
부산광역시,남구,2629000000,1,5,20577
부산광역시,남구,2629000000,1,6,37182
부산광역시,남구,2629000000,2,1,17005
부산광역시,남구,2629000000,2,2,14493
부산광역시,남구,2629000000,2,3,13552
부산광역시,남구,2629000000,2,4,17610
부산광역시,남구,2629000000,2,5,21067
부산광역시,남구,2629000000,2,6,47270
부산광역시,동구,2617000000,1,1,4026
부산광역시,동구,2617000000,1,2,3658
부산광역시,동구,2617000000,1,3,5559
부산광역시,동구,2617000000,1,4,5573
부산광역시,동구,2617000000,1,5,7012
부산광역시,동구,2617000000,1,6,14680
부산광역시,동구,2617000000,2,1,3804
부산광역시,동구,2617000000,2,2,4119
부산광역시,동구,2617000000,2,3,5022
부산광역시,동구,2617000000,2,4,4828
부산광역시,동구,2617000000,2,5,6361
부산광역시,동구,2617000000,2,6,18712
부산광역시,동래구,2626000000,1,1,22205
부산광역시,동래구,2626000000,1,2,12601
부산광역시,동래구,2626000000,1,3,15845
부산광역시,동래구,2626000000,1,4,20653
부산광역시,동래구,2626000000,1,5,21273
부산광역시,동래구,2626000000,1,6,37736
부산광역시,동래구,2626000000,2,1,20852
부산광역시,동래구,2626000000,2,2,12298
부산광역시,동래구,2626000000,2,3,15900
부산광역시,동래구,2626000000,2,4,21388
부산광역시,동래구,2626000000,2,5,22548
부산광역시,동래구,2626000000,2,6,47798
부산광역시,부산진구,2623000000,1,1,21519
부산광역시,부산진구,2623000000,1,2,21239
부산광역시,부산진구,2623000000,1,3,27570
부산광역시,부산진구,2623000000,1,4,24912
부산광역시,부산진구,2623000000,1,5,27160
부산광역시,부산진구,2623000000,1,6,51846
부산광역시,부산진구,2623000000,2,1,21241
부산광역시,부산진구,2623000000,2,2,24515
부산광역시,부산진구,2623000000,2,3,26831
부산광역시,부산진구,2623000000,2,4,23939
부산광역시,부산진구,2623000000,2,5,28356
부산광역시,부산진구,2623000000,2,6,65784
부산광역시,북구,2632000000,1,1,16956
부산광역시,북구,2632000000,1,2,12757
부산광역시,북구,2632000000,1,3,16453
부산광역시,북구,2632000000,1,4,17093
부산광역시,북구,2632000000,1,5,20963
부산광역시,북구,2632000000,1,6,43445
부산광역시,북구,2632000000,2,1,15939
부산광역시,북구,2632000000,2,2,11113
부산광역시,북구,2632000000,2,3,14706
부산광역시,북구,2632000000,2,4,16222
부산광역시,북구,2632000000,2,5,23600
부산광역시,북구,2632000000,2,6,51489
부산광역시,사상구,2653000000,1,1,10369
부산광역시,사상구,2653000000,1,2,10582
부산광역시,사상구,2653000000,1,3,12283
부산광역시,사상구,2653000000,1,4,12478
부산광역시,사상구,2653000000,1,5,16354
부산광역시,사상구,2653000000,1,6,33938
부산광역시,사상구,2653000000,2,1,9888
부산광역시,사상구,2653000000,2,2,10042
부산광역시,사상구,2653000000,2,3,10119
부산광역시,사상구,2653000000,2,4,11125
부산광역시,사상구,2653000000,2,5,16323
부산광역시,사상구,2653000000,2,6,38974
부산광역시,사하구,2638000000,1,1,17516
부산광역시,사하구,2638000000,1,2,15193
부산광역시,사하구,2638000000,1,3,16057
부산광역시,사하구,2638000000,1,4,19879
부산광역시,사하구,2638000000,1,5,23821
부산광역시,사하구,2638000000,1,6,47258
부산광역시,사하구,2638000000,2,1,16619
부산광역시,사하구,2638000000,2,2,12997
부산광역시,사하구,2638000000,2,3,13647
부산광역시,사하구,2638000000,2,4,18221
부산광역시,사하구,2638000000,2,5,24323
부산광역시,사하구,2638000000,2,6,56628
부산광역시,서구,2614000000,1,1,5674
부산광역시,서구,2614000000,1,2,4981
부산광역시,서구,2614000000,1,3,5129
부산광역시,서구,2614000000,1,4,6351
부산광역시,서구,2614000000,1,5,8305
부산광역시,서구,2614000000,1,6,17967
부산광역시,서구,2614000000,2,1,5336
부산광역시,서구,2614000000,2,2,5458
부산광역시,서구,2614000000,2,3,4944
부산광역시,서구,2614000000,2,4,6108
부산광역시,서구,2614000000,2,5,7981
부산광역시,서구,2614000000,2,6,22982
부산광역시,수영구,2650000000,1,1,9550
부산광역시,수영구,2650000000,1,2,8877
부산광역시,수영구,2650000000,1,3,11675
부산광역시,수영구,2650000000,1,4,11245
부산광역시,수영구,2650000000,1,5,12311
부산광역시,수영구,2650000000,1,6,25216
부산광역시,수영구,2650000000,2,1,9058
부산광역시,수영구,2650000000,2,2,10081
부산광역시,수영구,2650000000,2,3,11283
부산광역시,수영구,2650000000,2,4,11529
부산광역시,수영구,2650000000,2,5,13645
부산광역시,수영구,2650000000,2,6,33970
부산광역시,연제구,2647000000,1,1,14879
부산광역시,연제구,2647000000,1,2,10251
부산광역시,연제구,2647000000,1,3,14218
부산광역시,연제구,2647000000,1,4,15204
부산광역시,연제구,2647000000,1,5,16035
부산광역시,연제구,2647000000,1,6,30019
부산광역시,연제구,2647000000,2,1,14434
부산광역시,연제구,2647000000,2,2,10778
부산광역시,연제구,2647000000,2,3,14277
부산광역시,연제구,2647000000,2,4,15599
부산광역시,연제구,2647000000,2,5,17441
부산광역시,연제구,2647000000,2,6,38329
부산광역시,영도구,2620000000,1,1,4994
부산광역시,영도구,2620000000,1,2,4744
부산광역시,영도구,2620000000,1,3,4686
부산광역시,영도구,2620000000,1,4,6192
부산광역시,영도구,2620000000,1,5,8486
부산광역시,영도구,2620000000,1,6,20238
부산광역시,영도구,2620000000,2,1,4649
부산광역시,영도구,2620000000,2,2,3771
부산광역시,영도구,2620000000,2,3,4058
부산광역시,영도구,2620000000,2,4,5567
부산광역시,영도구,2620000000,2,5,7996
부산광역시,영도구,2620000000,2,6,25189
부산광역시,중구,2611000000,1,1,1055
부산광역시,중구,2611000000,1,2,2144
부산광역시,중구,2611000000,1,3,2216
부산광역시,중구,2611000000,1,4,2046
부산광역시,중구,2611000000,1,5,3075
부산광역시,중구,2611000000,1,6,7044
부산광역시,중구,2611000000,2,1,1059
부산광역시,중구,2611000000,2,2,2466
부산광역시,중구,2611000000,2,3,1775
부산광역시,중구,2611000000,2,4,1750
부산광역시,중구,2611000000,2,5,2751
부산광역시,중구,2611000000,2,6,8925
부산광역시,해운대구,2635000000,1,1,27972
부산광역시,해운대구,2635000000,1,2,17849
부산광역시,해운대구,2635000000,1,3,20740
부산광역시,해운대구,2635000000,1,4,26490
부산광역시,해운대구,2635000000,1,5,30755
부산광역시,해운대구,2635000000,1,6,53475
부산광역시,해운대구,2635000000,2,1,26423
부산광역시,해운대구,2635000000,2,2,16661
부산광역시,해운대구,2635000000,2,3,20512
부산광역시,해운대구,2635000000,2,4,28383
부산광역시,해운대구,2635000000,2,5,34412
부산광역시,해운대구,2635000000,2,6,67067
서울특별시,강남구,1168000000,1,1,49224
서울특별시,강남구,1168000000,1,2,28715
서울특별시,강남구,1168000000,1,3,37229
서울특별시,강남구,1168000000,1,4,45062
서울특별시,강남구,1168000000,1,5,44400
서울특별시,강남구,1168000000,1,6,59188
서울특별시,강남구,1168000000,2,1,45652
서울특별시,강남구,1168000000,2,2,32744
서울특별시,강남구,1168000000,2,3,42039
서울특별시,강남구,1168000000,2,4,53891
서울특별시,강남구,1168000000,2,5,44438
서울특별시,강남구,1168000000,2,6,70248
서울특별시,강동구,1174000000,1,1,39720
서울특별시,강동구,1174000000,1,2,25565
서울특별시,강동구,1174000000,1,3,37870
서울특별시,강동구,1174000000,1,4,40251
서울특별시,강동구,1174000000,1,5,37138
서울특별시,강동구,1174000000,1,6,62414
서울특별시,강동구,1174000000,2,1,35849
서울특별시,강동구,1174000000,2,2,28616
서울특별시,강동구,1174000000,2,3,39346
서울특별시,강동구,1174000000,2,4,41004
서울특별시,강동구,1174000000,2,5,38020
서울특별시,강동구,1174000000,2,6,73218
서울특별시,강북구,1130500000,1,1,13735
서울특별시,강북구,1130500000,1,2,15441
서울특별시,강북구,1130500000,1,3,18024
서울특별시,강북구,1130500000,1,4,18681
서울특별시,강북구,1130500000,1,5,23823
서울특별시,강북구,1130500000,1,6,43886
서울특별시,강북구,1130500000,2,1,13286
서울특별시,강북구,1130500000,2,2,18122
서울특별시,강북구,1130500000,2,3,16324
서울특별시,강북구,1130500000,2,4,17123
서울특별시,강북구,1130500000,2,5,24324
서울특별시,강북구,1130500000,2,6,55272
서울특별시,강서구,1150000000,1,1,33696
서울특별시,강서구,1150000000,1,2,30962
서울특별시,강서구,1150000000,1,3,47975
서울특별시,강서구,1150000000,1,4,40860
서울특별시,강서구,1150000000,1,5,39672
서울특별시,강서구,1150000000,1,6,68564
서울특별시,강서구,1150000000,2,1,32208
서울특별시,강서구,1150000000,2,2,38700
서울특별시,강서구,1150000000,2,3,48659
서울특별시,강서구,1150000000,2,4,40423
서울특별시,강서구,1150000000,2,5,41344
서울특별시,강서구,1150000000,2,6,85452
서울특별시,관악구,1162000000,1,1,18658
서울특별시,관악구,1162000000,1,2,48183
서울특별시,관악구,1162000000,1,3,53051
서울특별시,관악구,1162000000,1,4,31028
서울특별시,관악구,1162000000,1,5,32923
서울특별시,관악구,1162000000,1,6,56189
서울특별시,관악구,1162000000,2,1,18348
서울특별시,관악구,1162000000,2,2,52791
서울특별시,관악구,1162000000,2,3,41893
서울특별시,관악구,1162000000,2,4,26224
서울특별시,관악구,1162000000,2,5,31077
서울특별시,관악구,1162000000,2,6,67432
서울특별시,광진구,1121500000,1,1,18253
서울특별시,광진구,1121500000,1,2,24597
서울특별시,광진구,1121500000,1,3,28372
서울특별시,광진구,1121500000,1,4,22396
서울특별시,광진구,1121500000,1,5,24518
서울특별시,광진구,1121500000,1,6,40015
서울특별시,광진구,1121500000,2,1,17817
서울특별시,광진구,1121500000,2,2,29606
서울특별시,광진구,1121500000,2,3,28702
서울특별시,광진구,1121500000,2,4,23390
서울특별시,광진구,1121500000,2,5,26088
서울특별시,광진구,1121500000,2,6,47151
서울특별시,구로구,1153000000,1,1,23320
서울특별시,구로구,1153000000,1,2,21425
서울특별시,구로구,1153000000,1,3,31560
서울특별시,구로구,1153000000,1,4,27653
서울특별시,구로구,1153000000,1,5,29646
서울특별시,구로구,1153000000,1,6,53134
서울특별시,구로구,1153000000,2,1,22449
서울특별시,구로구,1153000000,2,2,23624
서울특별시,구로구,1153000000,2,3,30355
서울특별시,구로구,1153000000,2,4,26453
서울특별시,구로구,1153000000,2,5,29873
서울특별시,구로구,1153000000,2,6,63141
서울특별시,금천구,1154500000,1,1,10130
서울특별시,금천구,1154500000,1,2,14617
서울특별시,금천구,1154500000,1,3,22006
서울특별시,금천구,1154500000,1,4,14804
서울특별시,금천구,1154500000,1,5,17238
서울특별시,금천구,1154500000,1,6,32854
서울특별시,금천구,1154500000,2,1,9806
서울특별시,금천구,1154500000,2,2,16240
서울특별시,금천구,1154500000,2,3,18121
서울특별시,금천구,1154500000,2,4,12549
서울특별시,금천구,1154500000,2,5,17097
서울특별시,금천구,1154500000,2,6,37041
서울특별시,노원구,1135000000,1,1,33992
서울특별시,노원구,1135000000,1,2,30048
서울특별시,노원구,1135000000,1,3,31270
서울특별시,노원구,1135000000,1,4,32589
서울특별시,노원구,1135000000,1,5,39592
서울특별시,노원구,1135000000,1,6,62375
서울특별시,노원구,1135000000,2,1,31952
서울특별시,노원구,1135000000,2,2,29886
서울특별시,노원구,1135000000,2,3,30574
서울특별시,노원구,1135000000,2,4,35379
서울특별시,노원구,1135000000,2,5,42953
서울특별시,노원구,1135000000,2,6,80443
서울특별시,도봉구,1132000000,1,1,16811
서울특별시,도봉구,1132000000,1,2,15827
서울특별시,도봉구,1132000000,1,3,19079
서울특별시,도봉구,1132000000,1,4,19655
서울특별시,도봉구,1132000000,1,5,24698
서울특별시,도봉구,1132000000,1,6,47775
서울특별시,도봉구,1132000000,2,1,15579
서울특별시,도봉구,1132000000,2,2,16523
서울특별시,도봉구,1132000000,2,3,17999
서울특별시,도봉구,1132000000,2,4,19436
서울특별시,도봉구,1132000000,2,5,26642
서울특별시,도봉구,1132000000,2,6,58201
서울특별시,동대문구,1123000000,1,1,20928
서울특별시,동대문구,1123000000,1,2,25880
서울특별시,동대문구,1123000000,1,3,28463
서울특별시,동대문구,1123000000,1,4,24729
서울특별시,동대문구,1123000000,1,5,26472
서울특별시,동대문구,1123000000,1,6,45283
서울특별시,동대문구,1123000000,2,1,20325
서울특별시,동대문구,1123000000,2,2,29663
서울특별시,동대문구,1123000000,2,3,27776
서울특별시,동대문구,1123000000,2,4,23711
서울특별시,동대문구,1123000000,2,5,26245
서울특별시,동대문구,1123000000,2,6,53373
서울특별시,동작구,1159000000,1,1,21630
서울특별시,동작구,1159000000,1,2,28015
서울특별시,동작구,1159000000,1,3,31791
서울특별시,동작구,1159000000,1,4,25416
서울특별시,동작구,1159000000,1,5,27431
서울특별시,동작구,1159000000,1,6,45201
서울특별시,동작구,1159000000,2,1,20508
서울특별시,동작구,1159000000,2,2,31025
서울특별시,동작구,1159000000,2,3,30433
서울특별시,동작구,1159000000,2,4,25097
서울특별시,동작구,1159000000,2,5,28931
서울특별시,동작구,1159000000,2,6,56521
서울특별시,마포구,1144000000,1,1,21939
서울특별시,마포구,1144000000,1,2,23067
서울특별시,마포구,1144000000,1,3,30258
서울특별시,마포구,1144000000,1,4,26051
서울특별시,마포구,1144000000,1,5,26902
서울특별시,마포구,1144000000,1,6,37186
서울특별시,마포구,1144000000,2,1,21561
서울특별시,마포구,1144000000,2,2,30551
서울특별시,마포구,1144000000,2,3,34291
서울특별시,마포구,1144000000,2,4,28070
서울특별시,마포구,1144000000,2,5,28870
서울특별시,마포구,1144000000,2,6,47741
서울특별시,서대문구,1141000000,1,1,18340
서울특별시,서대문구,1141000000,1,2,20017
서울특별시,서대문구,1141000000,1,3,22300
서울특별시,서대문구,1141000000,1,4,20456
서울특별시,서대문구,1141000000,1,5,22891
서울특별시,서대문구,1141000000,1,6,37185
서울특별시,서대문구,1141000000,2,1,18241
서울특별시,서대문구,1141000000,2,2,24433
서울특별시,서대문구,1141000000,2,3,23194
서울특별시,서대문구,1141000000,2,4,21153
서울특별시,서대문구,1141000000,2,5,24415
서울특별시,서대문구,1141000000,2,6,47185
서울특별시,서초구,1165000000,1,1,36423
서울특별시,서초구,1165000000,1,2,22285
서울특별시,서초구,1165000000,1,3,26638
서울특별시,서초구,1165000000,1,4,32597
서울특별시,서초구,1165000000,1,5,33723
서울특별시,서초구,1165000000,1,6,44996
서울특별시,서초구,1165000000,2,1,35289
서울특별시,서초구,1165000000,2,2,24981
서울특별시,서초구,1165000000,2,3,30674
서울특별시,서초구,1165000000,2,4,38172
서울특별시,서초구,1165000000,2,5,35062
서울특별시,서초구,1165000000,2,6,53543
서울특별시,성동구,1120000000,1,1,16503
서울특별시,성동구,1120000000,1,2,17683
서울특별시,성동구,1120000000,1,3,23773
서울특별시,성동구,1120000000,1,4,19832
서울특별시,성동구,1120000000,1,5,20779
서울특별시,성동구,1120000000,1,6,33810
서울특별시,성동구,1120000000,2,1,16313
서울특별시,성동구,1120000000,2,2,19549
서울특별시,성동구,1120000000,2,3,24606
서울특별시,성동구,1120000000,2,4,19691
서울특별시,성동구,1120000000,2,5,21797
서울특별시,성동구,1120000000,2,6,40181
서울특별시,성북구,1129000000,1,1,27892
서울특별시,성북구,1129000000,1,2,28758
서울특별시,성북구,1129000000,1,3,28482
서울특별시,성북구,1129000000,1,4,29194
서울특별시,성북구,1129000000,1,5,34372
서울특별시,성북구,1129000000,1,6,52446
서울특별시,성북구,1129000000,2,1,27098
서울특별시,성북구,1129000000,2,2,33221
서울특별시,성북구,1129000000,2,3,28637
서울특별시,성북구,1129000000,2,4,29897
서울특별시,성북구,1129000000,2,5,35877
서울특별시,성북구,1129000000,2,6,65888
서울특별시,송파구,1171000000,1,1,49495
서울특별시,송파구,1171000000,1,2,34845
서울특별시,송파구,1171000000,1,3,51166
서울특별시,송파구,1171000000,1,4,50528
서울특별시,송파구,1171000000,1,5,47847
서울특별시,송파구,1171000000,1,6,77200
서울특별시,송파구,1171000000,2,1,47853
서울특별시,송파구,1171000000,2,2,40075
서울특별시,송파구,1171000000,2,3,55662
서울특별시,송파구,1171000000,2,4,54653
서울특별시,송파구,1171000000,2,5,50910
서울특별시,송파구,1171000000,2,6,90024
서울특별시,양천구,1147000000,1,1,34923
서울특별시,양천구,1147000000,1,2,22331
서울특별시,양천구,1147000000,1,3,25648
서울특별시,양천구,1147000000,1,4,32920
서울특별시,양천구,1147000000,1,5,35120
서울특별시,양천구,1147000000,1,6,53943
서울특별시,양천구,1147000000,2,1,32847
서울특별시,양천구,1147000000,2,2,22585
서울특별시,양천구,1147000000,2,3,25854
서울특별시,양천구,1147000000,2,4,35613
서울특별시,양천구,1147000000,2,5,35895
서울특별시,양천구,1147000000,2,6,63568
서울특별시,영등포구,1156000000,1,1,21452
서울특별시,영등포구,1156000000,1,2,22926
서울특별시,영등포구,1156000000,1,3,37660
서울특별시,영등포구,1156000000,1,4,26591
서울특별시,영등포구,1156000000,1,5,27021
서울특별시,영등포구,1156000000,1,6,45592
서울특별시,영등포구,1156000000,2,1,20438
서울특별시,영등포구,1156000000,2,2,28780
서울특별시,영등포구,1156000000,2,3,37508
서울특별시,영등포구,1156000000,2,4,25401
서울특별시,영등포구,1156000000,2,5,26656
서울특별시,영등포구,1156000000,2,6,51842
서울특별시,용산구,1117000000,1,1,11294
서울특별시,용산구,1117000000,1,2,11274
서울특별시,용산구,1117000000,1,3,17955
서울특별시,용산구,1117000000,1,4,14255
서울특별시,용산구,1117000000,1,5,15186
서울특별시,용산구,1117000000,1,6,24843
서울특별시,용산구,1117000000,2,1,11012
서울특별시,용산구,1117000000,2,2,14313
서울특별시,용산구,1117000000,2,3,19009
서울특별시,용산구,1117000000,2,4,14641
서울특별시,용산구,1117000000,2,5,16221
서울특별시,용산구,1117000000,2,6,29645
서울특별시,은평구,1138000000,1,1,27019
서울특별시,은평구,1138000000,1,2,25263
서울특별시,은평구,1138000000,1,3,32658
서울특별시,은평구,1138000000,1,4,31388
서울특별시,은평구,1138000000,1,5,36565
서울특별시,은평구,1138000000,1,6,61246
서울특별시,은평구,1138000000,2,1,25844
서울특별시,은평구,1138000000,2,2,29201
서울특별시,은평구,1138000000,2,3,34399
서울특별시,은평구,1138000000,2,4,32311
서울특별시,은평구,1138000000,2,5,39548
서울특별시,은평구,1138000000,2,6,77770
서울특별시,종로구,1111000000,1,1,6989
서울특별시,종로구,1111000000,1,2,9183
서울특별시,종로구,1111000000,1,3,9959
서울특별시,종로구,1111000000,1,4,8642
서울특별시,종로구,1111000000,1,5,10984
서울특별시,종로구,1111000000,1,6,19498
서울특별시,종로구,1111000000,2,1,7046
서울특별시,종로구,1111000000,2,2,10687
서울특별시,종로구,1111000000,2,3,10024
서울특별시,종로구,1111000000,2,4,9354
서울특별시,종로구,1111000000,2,5,11484
서울특별시,종로구,1111000000,2,6,22468
서울특별시,중구,1114000000,1,1,5366
서울특별시,중구,1114000000,1,2,6858
서울특별시,중구,1114000000,1,3,10564
서울특별시,중구,1114000000,1,4,8081
서울특별시,중구,1114000000,1,5,8857
서울특별시,중구,1114000000,1,6,16690
서울특별시,중구,1114000000,2,1,5303
서울특별시,중구,1114000000,2,2,8513
서울특별시,중구,1114000000,2,3,10678
서울특별시,중구,1114000000,2,4,8065
서울특별시,중구,1114000000,2,5,8842
서울특별시,중구,1114000000,2,6,19741
서울특별시,중랑구,1126000000,1,1,19984
서울특별시,중랑구,1126000000,1,2,20670
서울특별시,중랑구,1126000000,1,3,30150
서울특별시,중랑구,1126000000,1,4,26186
서울특별시,중랑구,1126000000,1,5,30001
서울특별시,중랑구,1126000000,1,6,56592
서울특별시,중랑구,1126000000,2,1,19100
서울특별시,중랑구,1126000000,2,2,23423
서울특별시,중랑구,1126000000,2,3,29113
서울특별시,중랑구,1126000000,2,4,24160
서울특별시,중랑구,1126000000,2,5,30797
서울특별시,중랑구,1126000000,2,6,66210
세종특별자치시,세종특별자치시,3611000000,1,1,46467
세종특별자치시,세종특별자치시,3611000000,1,2,18692
세종특별자치시,세종특별자치시,3611000000,1,3,28184
세종특별자치시,세종특별자치시,3611000000,1,4,36975
세종특별자치시,세종특별자치시,3611000000,1,5,31168
세종특별자치시,세종특별자치시,3611000000,1,6,33245
세종특별자치시,세종특별자치시,3611000000,2,1,45073
세종특별자치시,세종특별자치시,3611000000,2,2,17480
세종특별자치시,세종특별자치시,3611000000,2,3,28694
세종특별자치시,세종특별자치시,3611000000,2,4,38689
세종특별자치시,세종특별자치시,3611000000,2,5,28981
세종특별자치시,세종특별자치시,3611000000,2,6,37275
울산광역시,남구,3114000000,1,1,23625
울산광역시,남구,3114000000,1,2,19039
울산광역시,남구,3114000000,1,3,23803
울산광역시,남구,3114000000,1,4,22825
울산광역시,남구,3114000000,1,5,26805
울산광역시,남구,3114000000,1,6,39785
울산광역시,남구,3114000000,2,1,21867
울산광역시,남구,3114000000,2,2,14303
울산광역시,남구,3114000000,2,3,18920
울산광역시,남구,3114000000,2,4,21637
울산광역시,남구,3114000000,2,5,28224
울산광역시,남구,3114000000,2,6,43504
울산광역시,동구,3117000000,1,1,12727
울산광역시,동구,3117000000,1,2,7940
울산광역시,동구,3117000000,1,3,9673
울산광역시,동구,3117000000,1,4,13960
울산광역시,동구,3117000000,1,5,12626
울산광역시,동구,3117000000,1,6,20461
울산광역시,동구,3117000000,2,1,11935
울산광역시,동구,3117000000,2,2,5926
울산광역시,동구,3117000000,2,3,7089
울산광역시,동구,3117000000,2,4,11820
울산광역시,동구,3117000000,2,5,11349
울산광역시,동구,3117000000,2,6,22250
울산광역시,북구,3120000000,1,1,21584
울산광역시,북구,3120000000,1,2,12261
울산광역시,북구,3120000000,1,3,16228
울산광역시,북구,3120000000,1,4,19072
울산광역시,북구,3120000000,1,5,18617
울산광역시,북구,3120000000,1,6,23554
울산광역시,북구,3120000000,2,1,20244
울산광역시,북구,3120000000,2,2,8166
울산광역시,북구,3120000000,2,3,13027
울산광역시,북구,3120000000,2,4,18194
울산광역시,북구,3120000000,2,5,19096
울산광역시,북구,3120000000,2,6,23642
울산광역시,울주군,3171000000,1,1,16398
울산광역시,울주군,3171000000,1,2,12035
울산광역시,울주군,3171000000,1,3,13115
울산광역시,울주군,3171000000,1,4,15936
울산광역시,울주군,3171000000,1,5,22029
울산광역시,울주군,3171000000,1,6,33869
울산광역시,울주군,3171000000,2,1,15589
울산광역시,울주군,3171000000,2,2,8796
울산광역시,울주군,3171000000,2,3,10576
울산광역시,울주군,3171000000,2,4,14278
울산광역시,울주군,3171000000,2,5,20799
울산광역시,울주군,3171000000,2,6,34865
울산광역시,중구,3111000000,1,1,15621
울산광역시,중구,3111000000,1,2,10356
울산광역시,중구,3111000000,1,3,13331
울산광역시,중구,3111000000,1,4,15250
울산광역시,중구,3111000000,1,5,17671
울산광역시,중구,3111000000,1,6,30353
울산광역시,중구,3111000000,2,1,14391
울산광역시,중구,3111000000,2,2,7908
울산광역시,중구,3111000000,2,3,11170
울산광역시,중구,3111000000,2,4,14155
울산광역시,중구,3111000000,2,5,18233
울산광역시,중구,3111000000,2,6,34587
인천광역시,강화군,2871000000,1,1,3443
인천광역시,강화군,2871000000,1,2,2301
인천광역시,강화군,2871000000,1,3,2602
인천광역시,강화군,2871000000,1,4,3572
인천광역시,강화군,2871000000,1,5,5602
인천광역시,강화군,2871000000,1,6,17391
인천광역시,강화군,2871000000,2,1,3246
인천광역시,강화군,2871000000,2,2,1789
인천광역시,강화군,2871000000,2,3,2203
인천광역시,강화군,2871000000,2,4,3246
인천광역시,강화군,2871000000,2,5,4971
인천광역시,강화군,2871000000,2,6,19315
인천광역시,계양구,2824500000,1,1,16453
인천광역시,계양구,2824500000,1,2,15846
인천광역시,계양구,2824500000,1,3,19763
인천광역시,계양구,2824500000,1,4,19031
인천광역시,계양구,2824500000,1,5,25033
인천광역시,계양구,2824500000,1,6,41211
인천광역시,계양구,2824500000,2,1,16047
인천광역시,계양구,2824500000,2,2,14492
인천광역시,계양구,2824500000,2,3,17328
인천광역시,계양구,2824500000,2,4,17809
인천광역시,계양구,2824500000,2,5,26694
인천광역시,계양구,2824500000,2,6,46602
인천광역시,남동구,2820000000,1,1,34253
인천광역시,남동구,2820000000,1,2,27203
인천광역시,남동구,2820000000,1,3,32485
인천광역시,남동구,2820000000,1,4,36607
인천광역시,남동구,2820000000,1,5,41785
인천광역시,남동구,2820000000,1,6,65165
인천광역시,남동구,2820000000,2,1,32314
인천광역시,남동구,2820000000,2,2,25813
인천광역시,남동구,2820000000,2,3,28295
인천광역시,남동구,2820000000,2,4,35259
인천광역시,남동구,2820000000,2,5,42238
인천광역시,남동구,2820000000,2,6,77732
인천광역시,동구,2814000000,1,1,3457
인천광역시,동구,2814000000,1,2,2758
인천광역시,동구,2814000000,1,3,3561
인천광역시,동구,2814000000,1,4,4350
인천광역시,동구,2814000000,1,5,5160
인천광역시,동구,2814000000,1,6,9678
인천광역시,동구,2814000000,2,1,3172
인천광역시,동구,2814000000,2,2,2515
인천광역시,동구,2814000000,2,3,3021
인천광역시,동구,2814000000,2,4,3715
인천광역시,동구,2814000000,2,5,4651
인천광역시,동구,2814000000,2,6,11888
인천광역시,미추홀구,2817700000,1,1,28441
인천광역시,미추홀구,2817700000,1,2,25505
인천광역시,미추홀구,2817700000,1,3,31422
인천광역시,미추홀구,2817700000,1,4,33310
인천광역시,미추홀구,2817700000,1,5,35166
인천광역시,미추홀구,2817700000,1,6,56526
인천광역시,미추홀구,2817700000,2,1,26880
인천광역시,미추홀구,2817700000,2,2,22845
인천광역시,미추홀구,2817700000,2,3,27294
인천광역시,미추홀구,2817700000,2,4,28966
인천광역시,미추홀구,2817700000,2,5,33461
인천광역시,미추홀구,2817700000,2,6,68395
인천광역시,부평구,2823700000,1,1,32738
인천광역시,부평구,2823700000,1,2,26503
인천광역시,부평구,2823700000,1,3,38483
인천광역시,부평구,2823700000,1,4,35839
인천광역시,부평구,2823700000,1,5,39708
인천광역시,부평구,2823700000,1,6,66306
인천광역시,부평구,2823700000,2,1,30789
인천광역시,부평구,2823700000,2,2,26234
인천광역시,부평구,2823700000,2,3,35267
인천광역시,부평구,2823700000,2,4,34157
인천광역시,부평구,2823700000,2,5,42654
인천광역시,부평구,2823700000,2,6,79513
인천광역시,서구,2826000000,1,1,61968
인천광역시,서구,2826000000,1,2,34976
인천광역시,서구,2826000000,1,3,52739
인천광역시,서구,2826000000,1,4,59270
인천광역시,서구,2826000000,1,5,54425
인천광역시,서구,2826000000,1,6,69617
인천광역시,서구,2826000000,2,1,59222
인천광역시,서구,2826000000,2,2,33943
인천광역시,서구,2826000000,2,3,50923
인천광역시,서구,2826000000,2,4,55260
인천광역시,서구,2826000000,2,5,53987
인천광역시,서구,2826000000,2,6,76545
인천광역시,연수구,2818500000,1,1,40755
인천광역시,연수구,2818500000,1,2,22816
인천광역시,연수구,2818500000,1,3,28492
인천광역시,연수구,2818500000,1,4,34939
인천광역시,연수구,2818500000,1,5,33450
인천광역시,연수구,2818500000,1,6,42562
인천광역시,연수구,2818500000,2,1,39054
인천광역시,연수구,2818500000,2,2,21396
인천광역시,연수구,2818500000,2,3,28696
인천광역시,연수구,2818500000,2,4,36071
인천광역시,연수구,2818500000,2,5,34741
인천광역시,연수구,2818500000,2,6,47318
인천광역시,옹진군,2872000000,1,1,702
인천광역시,옹진군,2872000000,1,2,1453
인천광역시,옹진군,2872000000,1,3,1076
인천광역시,옹진군,2872000000,1,4,1162
인천광역시,옹진군,2872000000,1,5,1811
인천광역시,옹진군,2872000000,1,6,4821
인천광역시,옹진군,2872000000,2,1,650
인천광역시,옹진군,2872000000,2,2,599
인천광역시,옹진군,2872000000,2,3,490
인천광역시,옹진군,2872000000,2,4,675
인천광역시,옹진군,2872000000,2,5,1222
인천광역시,옹진군,2872000000,2,6,4679
인천광역시,중구,2811000000,1,1,14842
인천광역시,중구,2811000000,1,2,11099
인천광역시,중구,2811000000,1,3,15969
인천광역시,중구,2811000000,1,4,15920
인천광역시,중구,2811000000,1,5,15126
인천광역시,중구,2811000000,1,6,19676
인천광역시,중구,2811000000,2,1,14147
인천광역시,중구,2811000000,2,2,10906
인천광역시,중구,2811000000,2,3,13446
인천광역시,중구,2811000000,2,4,13823
인천광역시,중구,2811000000,2,5,12426
인천광역시,중구,2811000000,2,6,21650
전라남도,강진군,4681000000,1,1,1729
전라남도,강진군,4681000000,1,2,1176
전라남도,강진군,4681000000,1,3,1147
전라남도,강진군,4681000000,1,4,1576
전라남도,강진군,4681000000,1,5,2680
전라남도,강진군,4681000000,1,6,7285
전라남도,강진군,4681000000,2,1,1685
전라남도,강진군,4681000000,2,2,893
전라남도,강진군,4681000000,2,3,989
전라남도,강진군,4681000000,2,4,1365
전라남도,강진군,4681000000,2,5,2160
전라남도,강진군,4681000000,2,6,8981
전라남도,고흥군,4677000000,1,1,2484
전라남도,고흥군,4677000000,1,2,1712
전라남도,고흥군,4677000000,1,3,1677
전라남도,고흥군,4677000000,1,4,2747
전라남도,고흥군,4677000000,1,5,5173
전라남도,고흥군,4677000000,1,6,15496
전라남도,고흥군,4677000000,2,1,2297
전라남도,고흥군,4677000000,2,2,1193
전라남도,고흥군,4677000000,2,3,1393
전라남도,고흥군,4677000000,2,4,2119
전라남도,고흥군,4677000000,2,5,3669
전라남도,고흥군,4677000000,2,6,19016
전라남도,곡성군,4672000000,1,1,1232
전라남도,곡성군,4672000000,1,2,1023
전라남도,곡성군,4672000000,1,3,938
전라남도,곡성군,4672000000,1,4,1277
전라남도,곡성군,4672000000,1,5,2573
전라남도,곡성군,4672000000,1,6,6771
전라남도,곡성군,4672000000,2,1,1121
전라남도,곡성군,4672000000,2,2,775
전라남도,곡성군,4672000000,2,3,873
전라남도,곡성군,4672000000,2,4,1098
전라남도,곡성군,4672000000,2,5,2081
전라남도,곡성군,4672000000,2,6,7895
전라남도,광양시,4623000000,1,1,13593
전라남도,광양시,4623000000,1,2,8980
전라남도,광양시,4623000000,1,3,11317
전라남도,광양시,4623000000,1,4,11933
전라남도,광양시,4623000000,1,5,15344
전라남도,광양시,4623000000,1,6,20705
전라남도,광양시,4623000000,2,1,12993
전라남도,광양시,4623000000,2,2,6562
전라남도,광양시,4623000000,2,3,9000
전라남도,광양시,4623000000,2,4,10467
전라남도,광양시,4623000000,2,5,14091
전라남도,광양시,4623000000,2,6,20990
전라남도,구례군,4673000000,1,1,1127
전라남도,구례군,4673000000,1,2,848
전라남도,구례군,4673000000,1,3,669
전라남도,구례군,4673000000,1,4,1131
전라남도,구례군,4673000000,1,5,2283
전라남도,구례군,4673000000,1,6,5847
전라남도,구례군,4673000000,2,1,1092
전라남도,구례군,4673000000,2,2,697
전라남도,구례군,4673000000,2,3,623
전라남도,구례군,4673000000,2,4,1081
전라남도,구례군,4673000000,2,5,1908
전라남도,구례군,4673000000,2,6,7031
전라남도,나주시,4617000000,1,1,9710
전라남도,나주시,4617000000,1,2,5178
전라남도,나주시,4617000000,1,3,7417
전라남도,나주시,4617000000,1,4,8623
전라남도,나주시,4617000000,1,5,9523
전라남도,나주시,4617000000,1,6,18625
전라남도,나주시,4617000000,2,1,9124
전라남도,나주시,4617000000,2,2,4558
전라남도,나주시,4617000000,2,3,7190
전라남도,나주시,4617000000,2,4,7704
전라남도,나주시,4617000000,2,5,7703
전라남도,나주시,4617000000,2,6,21336
전라남도,담양군,4671000000,1,1,2301
전라남도,담양군,4671000000,1,2,1766
전라남도,담양군,4671000000,1,3,1646
전라남도,담양군,4671000000,1,4,2290
전라남도,담양군,4671000000,1,5,4044
전라남도,담양군,4671000000,1,6,10221
전라남도,담양군,4671000000,2,1,2103
전라남도,담양군,4671000000,2,2,1285
전라남도,담양군,4671000000,2,3,1515
전라남도,담양군,4671000000,2,4,1997
전라남도,담양군,4671000000,2,5,3367
전라남도,담양군,4671000000,2,6,11496
전라남도,목포시,4611000000,1,1,15736
전라남도,목포시,4611000000,1,2,11051
전라남도,목포시,4611000000,1,3,10136
전라남도,목포시,4611000000,1,4,15413
전라남도,목포시,4611000000,1,5,18601
전라남도,목포시,4611000000,1,6,28284
전라남도,목포시,4611000000,2,1,14871
전라남도,목포시,4611000000,2,2,9255
전라남도,목포시,4611000000,2,3,9077
전라남도,목포시,4611000000,2,4,14659
전라남도,목포시,4611000000,2,5,17280
전라남도,목포시,4611000000,2,6,35161
전라남도,무안군,4684000000,1,1,9251
전라남도,무안군,4684000000,1,2,4955
전라남도,무안군,4684000000,1,3,5672
전라남도,무안군,4684000000,1,4,7719
전라남도,무안군,4684000000,1,5,7712
전라남도,무안군,4684000000,1,6,12802
전라남도,무안군,4684000000,2,1,8988
전라남도,무안군,4684000000,2,2,4176
전라남도,무안군,4684000000,2,3,5684
전라남도,무안군,4684000000,2,4,7383
전라남도,무안군,4684000000,2,5,6592
전라남도,무안군,4684000000,2,6,14725
전라남도,보성군,4678000000,1,1,1694
전라남도,보성군,4678000000,1,2,1215
전라남도,보성군,4678000000,1,3,1121
전라남도,보성군,4678000000,1,4,1745
전라남도,보성군,4678000000,1,5,3317
전라남도,보성군,4678000000,1,6,9381
전라남도,보성군,4678000000,2,1,1613
전라남도,보성군,4678000000,2,2,1017
전라남도,보성군,4678000000,2,3,914
전라남도,보성군,4678000000,2,4,1473
전라남도,보성군,4678000000,2,5,2556
전라남도,보성군,4678000000,2,6,11513
전라남도,순천시,4615000000,1,1,23361
전라남도,순천시,4615000000,1,2,15832
전라남도,순천시,4615000000,1,3,17106
전라남도,순천시,4615000000,1,4,19091
전라남도,순천시,4615000000,1,5,23538
전라남도,순천시,4615000000,1,6,37873
전라남도,순천시,4615000000,2,1,22009
전라남도,순천시,4615000000,2,2,13224
전라남도,순천시,4615000000,2,3,15544
전라남도,순천시,4615000000,2,4,19037
전라남도,순천시,4615000000,2,5,23875
전라남도,순천시,4615000000,2,6,43641
전라남도,신안군,4691000000,1,1,2126
전라남도,신안군,4691000000,1,2,1629
전라남도,신안군,4691000000,1,3,1495
전라남도,신안군,4691000000,1,4,2677
전라남도,신안군,4691000000,1,5,4459
전라남도,신안군,4691000000,1,6,10361
전라남도,신안군,4691000000,2,1,1977
전라남도,신안군,4691000000,2,2,1197
전라남도,신안군,4691000000,2,3,1039
전라남도,신안군,4691000000,2,4,1679
전라남도,신안군,4691000000,2,5,2835
전라남도,신안군,4691000000,2,6,10845
전라남도,여수시,4613000000,1,1,19164
전라남도,여수시,4613000000,1,2,13629
전라남도,여수시,4613000000,1,3,14869
전라남도,여수시,4613000000,1,4,18486
전라남도,여수시,4613000000,1,5,23729
전라남도,여수시,4613000000,1,6,42471
전라남도,여수시,4613000000,2,1,18332
전라남도,여수시,4613000000,2,2,10609
전라남도,여수시,4613000000,2,3,12220
전라남도,여수시,4613000000,2,4,16725
전라남도,여수시,4613000000,2,5,21425
전라남도,여수시,4613000000,2,6,48843
전라남도,영광군,4687000000,1,1,3663
전라남도,영광군,4687000000,1,2,2428
전라남도,영광군,4687000000,1,3,2599
전라남도,영광군,4687000000,1,4,3292
전라남도,영광군,4687000000,1,5,4863
전라남도,영광군,4687000000,1,6,10166
전라남도,영광군,4687000000,2,1,3581
전라남도,영광군,4687000000,2,2,1999
전라남도,영광군,4687000000,2,3,2531
전라남도,영광군,4687000000,2,4,2708
전라남도,영광군,4687000000,2,5,3756
전라남도,영광군,4687000000,2,6,12316
전라남도,영암군,4683000000,1,1,2914
전라남도,영암군,4683000000,1,2,2398
전라남도,영암군,4683000000,1,3,2059
전라남도,영암군,4683000000,1,4,3624
전라남도,영암군,4683000000,1,5,5301
전라남도,영암군,4683000000,1,6,10149
전라남도,영암군,4683000000,2,1,2791
전라남도,영암군,4683000000,2,2,1531
전라남도,영암군,4683000000,2,3,1633
전라남도,영암군,4683000000,2,4,2521
전라남도,영암군,4683000000,2,5,3787
전라남도,영암군,4683000000,2,6,11368
전라남도,완도군,4689000000,1,1,2638
전라남도,완도군,4689000000,1,2,1526
전라남도,완도군,4689000000,1,3,1512
전라남도,완도군,4689000000,1,4,2889
전라남도,완도군,4689000000,1,5,4059
전라남도,완도군,4689000000,1,6,9858
전라남도,완도군,4689000000,2,1,2379
전라남도,완도군,4689000000,2,2,1105
전라남도,완도군,4689000000,2,3,1197
전라남도,완도군,4689000000,2,4,2152
전라남도,완도군,4689000000,2,5,2939
전라남도,완도군,4689000000,2,6,11921
전라남도,장성군,4688000000,1,1,2492
전라남도,장성군,4688000000,1,2,1967
전라남도,장성군,4688000000,1,3,1810
전라남도,장성군,4688000000,1,4,2444
전라남도,장성군,4688000000,1,5,4097
전라남도,장성군,4688000000,1,6,9350
전라남도,장성군,4688000000,2,1,2395
전라남도,장성군,4688000000,2,2,1354
전라남도,장성군,4688000000,2,3,1649
전라남도,장성군,4688000000,2,4,2070
전라남도,장성군,4688000000,2,5,3157
전라남도,장성군,4688000000,2,6,10310
전라남도,장흥군,4680000000,1,1,1783
전라남도,장흥군,4680000000,1,2,1236
전라남도,장흥군,4680000000,1,3,1234
전라남도,장흥군,4680000000,1,4,1787
전라남도,장흥군,4680000000,1,5,3025
전라남도,장흥군,4680000000,1,6,7729
전라남도,장흥군,4680000000,2,1,1694
전라남도,장흥군,4680000000,2,2,945
전라남도,장흥군,4680000000,2,3,972
전라남도,장흥군,4680000000,2,4,1474
전라남도,장흥군,4680000000,2,5,2394
전라남도,장흥군,4680000000,2,6,9679
전라남도,진도군,4690000000,1,1,1495
전라남도,진도군,4690000000,1,2,1073
전라남도,진도군,4690000000,1,3,945
전라남도,진도군,4690000000,1,4,1588
전라남도,진도군,4690000000,1,5,2595
전라남도,진도군,4690000000,1,6,6372
전라남도,진도군,4690000000,2,1,1487
전라남도,진도군,4690000000,2,2,759
전라남도,진도군,4690000000,2,3,832
전라남도,진도군,4690000000,2,4,1181
전라남도,진도군,4690000000,2,5,1872
전라남도,진도군,4690000000,2,6,7683
전라남도,함평군,4686000000,1,1,1356
전라남도,함평군,4686000000,1,2,1032
전라남도,함평군,4686000000,1,3,1018
전라남도,함평군,4686000000,1,4,1503
전라남도,함평군,4686000000,1,5,2872
전라남도,함평군,4686000000,1,6,7351
전라남도,함평군,4686000000,2,1,1246
전라남도,함평군,4686000000,2,2,767
전라남도,함평군,4686000000,2,3,828
전라남도,함평군,4686000000,2,4,1117
전라남도,함평군,4686000000,2,5,1975
전라남도,함평군,4686000000,2,6,8536
전라남도,해남군,4682000000,1,1,3423
전라남도,해남군,4682000000,1,2,2341
전라남도,해남군,4682000000,1,3,2192
전라남도,해남군,4682000000,1,4,3395
전라남도,해남군,4682000000,1,5,5751
전라남도,해남군,4682000000,1,6,14160
전라남도,해남군,4682000000,2,1,3238
전라남도,해남군,4682000000,2,2,1750
전라남도,해남군,4682000000,2,3,1776
전라남도,해남군,4682000000,2,4,2838
전라남도,해남군,4682000000,2,5,4426
전라남도,해남군,4682000000,2,6,16737
전라남도,화순군,4679000000,1,1,3620
전라남도,화순군,4679000000,1,2,2803
전라남도,화순군,4679000000,1,3,2490
전라남도,화순군,4679000000,1,4,3151
전라남도,화순군,4679000000,1,5,5622
전라남도,화순군,4679000000,1,6,11994
전라남도,화순군,4679000000,2,1,3364
전라남도,화순군,4679000000,2,2,2543
전라남도,화순군,4679000000,2,3,2350
전라남도,화순군,4679000000,2,4,3042
전라남도,화순군,4679000000,2,5,5033
전라남도,화순군,4679000000,2,6,13897
전북특별자치도,고창군,5279000000,1,1,3053
전북특별자치도,고창군,5279000000,1,2,1711
전북특별자치도,고창군,5279000000,1,3,1666
전북특별자치도,고창군,5279000000,1,4,2579
전북특별자치도,고창군,5279000000,1,5,4544
전북특별자치도,고창군,5279000000,1,6,11616
전북특별자치도,고창군,5279000000,2,1,2479
전북특별자치도,고창군,5279000000,2,2,1235
전북특별자치도,고창군,5279000000,2,3,1484
전북특별자치도,고창군,5279000000,2,4,2130
전북특별자치도,고창군,5279000000,2,5,3478
전북특별자치도,고창군,5279000000,2,6,14096
전북특별자치도,군산시,5213000000,1,1,19649
전북특별자치도,군산시,5213000000,1,2,13208
전북특별자치도,군산시,5213000000,1,3,13890
전북특별자치도,군산시,5213000000,1,4,19501
전북특별자치도,군산시,5213000000,1,5,23967
전북특별자치도,군산시,5213000000,1,6,39534
전북특별자치도,군산시,5213000000,2,1,18772
전북특별자치도,군산시,5213000000,2,2,10315
전북특별자치도,군산시,5213000000,2,3,11950
전북특별자치도,군산시,5213000000,2,4,17890
전북특별자치도,군산시,5213000000,2,5,21571
전북특별자치도,군산시,5213000000,2,6,45344
전북특별자치도,김제시,5221000000,1,1,4663
전북특별자치도,김제시,5221000000,1,2,3429
전북특별자치도,김제시,5221000000,1,3,3660
전북특별자치도,김제시,5221000000,1,4,4698
전북특별자치도,김제시,5221000000,1,5,7340
전북특별자치도,김제시,5221000000,1,6,17162
전북특별자치도,김제시,5221000000,2,1,4407
전북특별자치도,김제시,5221000000,2,2,2706
전북특별자치도,김제시,5221000000,2,3,3295
전북특별자치도,김제시,5221000000,2,4,3856
전북특별자치도,김제시,5221000000,2,5,5802
전북특별자치도,김제시,5221000000,2,6,20613
전북특별자치도,남원시,5219000000,1,1,4739
전북특별자치도,남원시,5219000000,1,2,2942
전북특별자치도,남원시,5219000000,1,3,2849
전북특별자치도,남원시,5219000000,1,4,3997
전북특별자치도,남원시,5219000000,1,5,6899
전북특별자치도,남원시,5219000000,1,6,14884
전북특별자치도,남원시,5219000000,2,1,4276
전북특별자치도,남원시,5219000000,2,2,2351
전북특별자치도,남원시,5219000000,2,3,2575
전북특별자치도,남원시,5219000000,2,4,3939
전북특별자치도,남원시,5219000000,2,5,6237
전북특별자치도,남원시,5219000000,2,6,18124
전북특별자치도,무주군,5273000000,1,1,1201
전북특별자치도,무주군,5273000000,1,2,820
전북특별자치도,무주군,5273000000,1,3,834
전북특별자치도,무주군,5273000000,1,4,1207
전북특별자치도,무주군,5273000000,1,5,2226
전북특별자치도,무주군,5273000000,1,6,5484
전북특별자치도,무주군,5273000000,2,1,1132
전북특별자치도,무주군,5273000000,2,2,669
전북특별자치도,무주군,5273000000,2,3,699
전북특별자치도,무주군,5273000000,2,4,1027
전북특별자치도,무주군,5273000000,2,5,1720
전북특별자치도,무주군,5273000000,2,6,6307
전북특별자치도,부안군,5280000000,1,1,2439
전북특별자치도,부안군,5280000000,1,2,1694
전북특별자치도,부안군,5280000000,1,3,1627
전북특별자치도,부안군,5280000000,1,4,2532
전북특별자치도,부안군,5280000000,1,5,4336
전북특별자치도,부안군,5280000000,1,6,10915
전북특별자치도,부안군,5280000000,2,1,2190
전북특별자치도,부안군,5280000000,2,2,1195
전북특별자치도,부안군,5280000000,2,3,1338
전북특별자치도,부안군,5280000000,2,4,2160
전북특별자치도,부안군,5280000000,2,5,3420
전북특별자치도,부안군,5280000000,2,6,13100
전북특별자치도,순창군,5277000000,1,1,1568
전북특별자치도,순창군,5277000000,1,2,1090
전북특별자치도,순창군,5277000000,1,3,847
전북특별자치도,순창군,5277000000,1,4,1417
전북특별자치도,순창군,5277000000,1,5,2630
전북특별자치도,순창군,5277000000,1,6,6146
전북특별자치도,순창군,5277000000,2,1,1453
전북특별자치도,순창군,5277000000,2,2,881
전북특별자치도,순창군,5277000000,2,3,849
전북특별자치도,순창군,5277000000,2,4,1320
전북특별자치도,순창군,5277000000,2,5,2006
전북특별자치도,순창군,5277000000,2,6,7377
전북특별자치도,완주군,5271000000,1,1,7321
전북특별자치도,완주군,5271000000,1,2,4733
전북특별자치도,완주군,5271000000,1,3,5909
전북특별자치도,완주군,5271000000,1,4,6798
전북특별자치도,완주군,5271000000,1,5,9132
전북특별자치도,완주군,5271000000,1,6,17542
전북특별자치도,완주군,5271000000,2,1,6861
전북특별자치도,완주군,5271000000,2,2,3746
전북특별자치도,완주군,5271000000,2,3,5411
전북특별자치도,완주군,5271000000,2,4,6186
전북특별자치도,완주군,5271000000,2,5,7689
전북특별자치도,완주군,5271000000,2,6,18774
전북특별자치도,익산시,5214000000,1,1,18828
전북특별자치도,익산시,5214000000,1,2,15305
전북특별자치도,익산시,5214000000,1,3,14688
전북특별자치도,익산시,5214000000,1,4,17283
전북특별자치도,익산시,5214000000,1,5,23845
전북특별자치도,익산시,5214000000,1,6,42691
전북특별자치도,익산시,5214000000,2,1,18177
전북특별자치도,익산시,5214000000,2,2,12859
전북특별자치도,익산시,5214000000,2,3,12726
전북특별자치도,익산시,5214000000,2,4,16566
전북특별자치도,익산시,5214000000,2,5,23292
전북특별자치도,익산시,5214000000,2,6,50498
전북특별자치도,임실군,5275000000,1,1,1224
전북특별자치도,임실군,5275000000,1,2,836
전북특별자치도,임실군,5275000000,1,3,885
전북특별자치도,임실군,5275000000,1,4,1273
전북특별자치도,임실군,5275000000,1,5,2248
전북특별자치도,임실군,5275000000,1,6,6691
전북특별자치도,임실군,5275000000,2,1,1074
전북특별자치도,임실군,5275000000,2,2,598
전북특별자치도,임실군,5275000000,2,3,742
전북특별자치도,임실군,5275000000,2,4,904
전북특별자치도,임실군,5275000000,2,5,1654
전북특별자치도,임실군,5275000000,2,6,7213
전북특별자치도,장수군,5274000000,1,1,1093
전북특별자치도,장수군,5274000000,1,2,752
전북특별자치도,장수군,5274000000,1,3,667
전북특별자치도,장수군,5274000000,1,4,1129
전북특별자치도,장수군,5274000000,1,5,1909
전북특별자치도,장수군,5274000000,1,6,5149
전북특별자치도,장수군,5274000000,2,1,1014
전북특별자치도,장수군,5274000000,2,2,600
전북특별자치도,장수군,5274000000,2,3,620
전북특별자치도,장수군,5274000000,2,4,858
전북특별자치도,장수군,5274000000,2,5,1535
전북특별자치도,장수군,5274000000,2,6,5843
전북특별자치도,전주시 덕진구,5211300000,1,1,27995
전북특별자치도,전주시 덕진구,5211300000,1,2,19678
전북특별자치도,전주시 덕진구,5211300000,1,3,19687
전북특별자치도,전주시 덕진구,5211300000,1,4,23664
전북특별자치도,전주시 덕진구,5211300000,1,5,26002
전북특별자치도,전주시 덕진구,5211300000,1,6,35589
전북특별자치도,전주시 덕진구,5211300000,2,1,26912
전북특별자치도,전주시 덕진구,5211300000,2,2,17310
전북특별자치도,전주시 덕진구,5211300000,2,3,18229
전북특별자치도,전주시 덕진구,5211300000,2,4,23943
전북특별자치도,전주시 덕진구,5211300000,2,5,25482
전북특별자치도,전주시 덕진구,5211300000,2,6,42854
전북특별자치도,전주시 완산구,5211100000,1,1,23740
전북특별자치도,전주시 완산구,5211100000,1,2,19722
전북특별자치도,전주시 완산구,5211100000,1,3,18968
전북특별자치도,전주시 완산구,5211100000,1,4,20926
전북특별자치도,전주시 완산구,5211100000,1,5,26670
전북특별자치도,전주시 완산구,5211100000,1,6,41856
전북특별자치도,전주시 완산구,5211100000,2,1,22533
전북특별자치도,전주시 완산구,5211100000,2,2,18158
전북특별자치도,전주시 완산구,5211100000,2,3,17425
전북특별자치도,전주시 완산구,5211100000,2,4,22016
전북특별자치도,전주시 완산구,5211100000,2,5,28962
전북특별자치도,전주시 완산구,5211100000,2,6,52553
전북특별자치도,정읍시,5218000000,1,1,6311
전북특별자치도,정읍시,5218000000,1,2,4470
전북특별자치도,정읍시,5218000000,1,3,4303
전북특별자치도,정읍시,5218000000,1,4,5849
전북특별자치도,정읍시,5218000000,1,5,9513
전북특별자치도,정읍시,5218000000,1,6,19932
전북특별자치도,정읍시,5218000000,2,1,5776
전북특별자치도,정읍시,5218000000,2,2,3481
전북특별자치도,정읍시,5218000000,2,3,3677
전북특별자치도,정읍시,5218000000,2,4,5456
전북특별자치도,정읍시,5218000000,2,5,8206
전북특별자치도,정읍시,5218000000,2,6,23764
전북특별자치도,진안군,5272000000,1,1,1174
전북특별자치도,진안군,5272000000,1,2,875
전북특별자치도,진안군,5272000000,1,3,704
전북특별자치도,진안군,5272000000,1,4,1114
전북특별자치도,진안군,5272000000,1,5,2286
전북특별자치도,진안군,5272000000,1,6,6453
전북특별자치도,진안군,5272000000,2,1,1127
전북특별자치도,진안군,5272000000,2,2,679
전북특별자치도,진안군,5272000000,2,3,707
전북특별자치도,진안군,5272000000,2,4,953
전북특별자치도,진안군,5272000000,2,5,1777
전북특별자치도,진안군,5272000000,2,6,6840
제주특별자치도,서귀포시,5013000000,1,1,14513
제주특별자치도,서귀포시,5013000000,1,2,7863
제주특별자치도,서귀포시,5013000000,1,3,8628
제주특별자치도,서귀포시,5013000000,1,4,13302
제주특별자치도,서귀포시,5013000000,1,5,17447
제주특별자치도,서귀포시,5013000000,1,6,28185
제주특별자치도,서귀포시,5013000000,2,1,13690
제주특별자치도,서귀포시,5013000000,2,2,6296
제주특별자치도,서귀포시,5013000000,2,3,8297
제주특별자치도,서귀포시,5013000000,2,4,13199
제주특별자치도,서귀포시,5013000000,2,5,15032
제주특별자치도,서귀포시,5013000000,2,6,32217
제주특별자치도,제주시,5011000000,1,1,43290
제주특별자치도,제주시,5011000000,1,2,26260
제주특별자치도,제주시,5011000000,1,3,30518
제주특별자치도,제주시,5011000000,1,4,37688
제주특별자치도,제주시,5011000000,1,5,43742
제주특별자치도,제주시,5011000000,1,6,59688
제주특별자치도,제주시,5011000000,2,1,41266
제주특별자치도,제주시,5011000000,2,2,23348
제주특별자치도,제주시,5011000000,2,3,29440
제주특별자치도,제주시,5011000000,2,4,37182
제주특별자치도,제주시,5011000000,2,5,42105
제주특별자치도,제주시,5011000000,2,6,69596
충청남도,계룡시,4425000000,1,1,4755
충청남도,계룡시,4425000000,1,2,2442
충청남도,계룡시,4425000000,1,3,2736
충청남도,계룡시,4425000000,1,4,3762
충청남도,계룡시,4425000000,1,5,4095
충청남도,계룡시,4425000000,1,6,5049
충청남도,계룡시,4425000000,2,1,4491
충청남도,계룡시,4425000000,2,2,1897
충청남도,계룡시,4425000000,2,3,2532
충청남도,계룡시,4425000000,2,4,3985
충청남도,계룡시,4425000000,2,5,4245
충청남도,계룡시,4425000000,2,6,5970
충청남도,공주시,4415000000,1,1,5859
충청남도,공주시,4415000000,1,2,5033
충청남도,공주시,4415000000,1,3,4397
충청남도,공주시,4415000000,1,4,5647
충청남도,공주시,4415000000,1,5,8416
충청남도,공주시,4415000000,1,6,20406
충청남도,공주시,4415000000,2,1,5448
충청남도,공주시,4415000000,2,2,5000
충청남도,공주시,4415000000,2,3,3521
충청남도,공주시,4415000000,2,4,5108
충청남도,공주시,4415000000,2,5,7753
충청남도,공주시,4415000000,2,6,23169
충청남도,금산군,4471000000,1,1,2827
충청남도,금산군,4471000000,1,2,1799
충청남도,금산군,4471000000,1,3,1572
충청남도,금산군,4471000000,1,4,2510
충청남도,금산군,4471000000,1,5,4620
충청남도,금산군,4471000000,1,6,11601
충청남도,금산군,4471000000,2,1,2559
충청남도,금산군,4471000000,2,2,1291
충청남도,금산군,4471000000,2,3,1360
충청남도,금산군,4471000000,2,4,2278
충청남도,금산군,4471000000,2,5,3743
충청남도,금산군,4471000000,2,6,12779
충청남도,논산시,4423000000,1,1,6578
충청남도,논산시,4423000000,1,2,4621
충청남도,논산시,4423000000,1,3,4949
충청남도,논산시,4423000000,1,4,6204
충청남도,논산시,4423000000,1,5,9526
충청남도,논산시,4423000000,1,6,21398
충청남도,논산시,4423000000,2,1,6097
충청남도,논산시,4423000000,2,2,3586
충청남도,논산시,4423000000,2,3,4017
충청남도,논산시,4423000000,2,4,5661
충청남도,논산시,4423000000,2,5,8269
충청남도,논산시,4423000000,2,6,25071
충청남도,당진시,4427000000,1,1,14450
충청남도,당진시,4427000000,1,2,8139
충청남도,당진시,4427000000,1,3,11894
충청남도,당진시,4427000000,1,4,15458
충청남도,당진시,4427000000,1,5,16491
충청남도,당진시,4427000000,1,6,26315
충청남도,당진시,4427000000,2,1,13555
충청남도,당진시,4427000000,2,2,5583
충청남도,당진시,4427000000,2,3,8517
충청남도,당진시,4427000000,2,4,11947
충청남도,당진시,4427000000,2,5,12550
충청남도,당진시,4427000000,2,6,27501
충청남도,보령시,4418000000,1,1,5468
충청남도,보령시,4418000000,1,2,3812
충청남도,보령시,4418000000,1,3,4170
충청남도,보령시,4418000000,1,4,5909
충청남도,보령시,4418000000,1,5,8465
충청남도,보령시,4418000000,1,6,18447
충청남도,보령시,4418000000,2,1,5179
충청남도,보령시,4418000000,2,2,2879
충청남도,보령시,4418000000,2,3,3210
충청남도,보령시,4418000000,2,4,4941
충청남도,보령시,4418000000,2,5,7233
충청남도,보령시,4418000000,2,6,21547
충청남도,부여군,4476000000,1,1,2798
충청남도,부여군,4476000000,1,2,1952
충청남도,부여군,4476000000,1,3,1825
충청남도,부여군,4476000000,1,4,2895
충청남도,부여군,4476000000,1,5,4912
충청남도,부여군,4476000000,1,6,14422
충청남도,부여군,4476000000,2,1,2443
충청남도,부여군,4476000000,2,2,1506
충청남도,부여군,4476000000,2,3,1533
충청남도,부여군,4476000000,2,4,2404
충청남도,부여군,4476000000,2,5,4105
충청남도,부여군,4476000000,2,6,16967
충청남도,서산시,4421000000,1,1,13781
충청남도,서산시,4421000000,1,2,9077
충청남도,서산시,4421000000,1,3,11214
충청남도,서산시,4421000000,1,4,13181
충청남도,서산시,4421000000,1,5,15925
충청남도,서산시,4421000000,1,6,26447
충청남도,서산시,4421000000,2,1,12822
충청남도,서산시,4421000000,2,2,5952
충청남도,서산시,4421000000,2,3,8058
충청남도,서산시,4421000000,2,4,11489
충청남도,서산시,4421000000,2,5,13818
충청남도,서산시,4421000000,2,6,29372
충청남도,서천군,4477000000,1,1,2095
충청남도,서천군,4477000000,1,2,1539
충청남도,서천군,4477000000,1,3,1529
충청남도,서천군,4477000000,1,4,2314
충청남도,서천군,4477000000,1,5,4054
충청남도,서천군,4477000000,1,6,11761
충청남도,서천군,4477000000,2,1,1991
충청남도,서천군,4477000000,2,2,1149
충청남도,서천군,4477000000,2,3,1182
충청남도,서천군,4477000000,2,4,1881
충청남도,서천군,4477000000,2,5,3346
충청남도,서천군,4477000000,2,6,13920
충청남도,아산시,4420000000,1,1,35767
충청남도,아산시,4420000000,1,2,20930
충청남도,아산시,4420000000,1,3,28385
충청남도,아산시,4420000000,1,4,34929
충청남도,아산시,4420000000,1,5,30670
충청남도,아산시,4420000000,1,6,39019
충청남도,아산시,4420000000,2,1,33806
충청남도,아산시,4420000000,2,2,16570
충청남도,아산시,4420000000,2,3,24402
충청남도,아산시,4420000000,2,4,29855
충청남도,아산시,4420000000,2,5,26363
충청남도,아산시,4420000000,2,6,42982
충청남도,예산군,4481000000,1,1,4453
충청남도,예산군,4481000000,1,2,2989
충청남도,예산군,4481000000,1,3,3490
충청남도,예산군,4481000000,1,4,4453
충청남도,예산군,4481000000,1,5,6956
충청남도,예산군,4481000000,1,6,17048
충청남도,예산군,4481000000,2,1,4109
충청남도,예산군,4481000000,2,2,2317
충청남도,예산군,4481000000,2,3,3001
충청남도,예산군,4481000000,2,4,3849
충청남도,예산군,4481000000,2,5,5787
충청남도,예산군,4481000000,2,6,19866
충청남도,천안시 동남구,4413100000,1,1,20055
충청남도,천안시 동남구,4413100000,1,2,17125
충청남도,천안시 동남구,4413100000,1,3,18035
충청남도,천안시 동남구,4413100000,1,4,20076
충청남도,천안시 동남구,4413100000,1,5,23468
충청남도,천안시 동남구,4413100000,1,6,34844
충청남도,천안시 동남구,4413100000,2,1,19220
충청남도,천안시 동남구,4413100000,2,2,15255
충청남도,천안시 동남구,4413100000,2,3,15173
충청남도,천안시 동남구,4413100000,2,4,18591
충청남도,천안시 동남구,4413100000,2,5,22751
충청남도,천안시 동남구,4413100000,2,6,39060
충청남도,천안시 서북구,4413300000,1,1,36647
충청남도,천안시 서북구,4413300000,1,2,27874
충청남도,천안시 서북구,4413300000,1,3,35475
충청남도,천안시 서북구,4413300000,1,4,37338
충청남도,천안시 서북구,4413300000,1,5,33404
충청남도,천안시 서북구,4413300000,1,6,37321
충청남도,천안시 서북구,4413300000,2,1,34781
충청남도,천안시 서북구,4413300000,2,2,24155
충청남도,천안시 서북구,4413300000,2,3,29767
충청남도,천안시 서북구,4413300000,2,4,32682
충청남도,천안시 서북구,4413300000,2,5,32234
충청남도,천안시 서북구,4413300000,2,6,40851
충청남도,청양군,4479000000,1,1,1410
충청남도,청양군,4479000000,1,2,1313
충청남도,청양군,4479000000,1,3,988
충청남도,청양군,4479000000,1,4,1447
충청남도,청양군,4479000000,1,5,2641
충청남도,청양군,4479000000,1,6,7668
충청남도,청양군,4479000000,2,1,1288
충청남도,청양군,4479000000,2,2,888
충청남도,청양군,4479000000,2,3,759
충청남도,청양군,4479000000,2,4,1088
충청남도,청양군,4479000000,2,5,2011
충청남도,청양군,4479000000,2,6,8550
충청남도,태안군,4482500000,1,1,2801
충청남도,태안군,4482500000,1,2,2187
충청남도,태안군,4482500000,1,3,2244
충청남도,태안군,4482500000,1,4,3338
충청남도,태안군,4482500000,1,5,5325
충청남도,태안군,4482500000,1,6,14064
충청남도,태안군,4482500000,2,1,2674
충청남도,태안군,4482500000,2,2,1550
충청남도,태안군,4482500000,2,3,1612
충청남도,태안군,4482500000,2,4,2727
충청남도,태안군,4482500000,2,5,4415
충청남도,태안군,4482500000,2,6,16102
충청남도,홍성군,4480000000,1,1,7946
충청남도,홍성군,4480000000,1,2,4533
충청남도,홍성군,4480000000,1,3,5768
충청남도,홍성군,4480000000,1,4,6769
충청남도,홍성군,4480000000,1,5,8696
충청남도,홍성군,4480000000,1,6,17205
충청남도,홍성군,4480000000,2,1,7525
충청남도,홍성군,4480000000,2,2,3710
충청남도,홍성군,4480000000,2,3,4917
충청남도,홍성군,4480000000,2,4,6529
충청남도,홍성군,4480000000,2,5,7629
충청남도,홍성군,4480000000,2,6,20339
충청북도,괴산군,4376000000,1,1,1426
충청북도,괴산군,4376000000,1,2,1233
충청북도,괴산군,4376000000,1,3,1178
충청북도,괴산군,4376000000,1,4,1714
충청북도,괴산군,4376000000,1,5,3421
충청북도,괴산군,4376000000,1,6,10423
충청북도,괴산군,4376000000,2,1,1339
충청북도,괴산군,4376000000,2,2,858
충청북도,괴산군,4376000000,2,3,928
충청북도,괴산군,4376000000,2,4,1380
충청북도,괴산군,4376000000,2,5,2756
충청북도,괴산군,4376000000,2,6,10759
충청북도,단양군,4380000000,1,1,1158
충청북도,단양군,4380000000,1,2,885
충청북도,단양군,4380000000,1,3,896
충청북도,단양군,4380000000,1,4,1256
충청북도,단양군,4380000000,1,5,2457
충청북도,단양군,4380000000,1,6,6984
충청북도,단양군,4380000000,2,1,1052
충청북도,단양군,4380000000,2,2,619
충청북도,단양군,4380000000,2,3,681
충청북도,단양군,4380000000,2,4,1072
충청북도,단양군,4380000000,2,5,2051
충청북도,단양군,4380000000,2,6,7517
충청북도,보은군,4372000000,1,1,1423
충청북도,보은군,4372000000,1,2,1073
충청북도,보은군,4372000000,1,3,1054
충청북도,보은군,4372000000,1,4,1459
충청북도,보은군,4372000000,1,5,2682
충청북도,보은군,4372000000,1,6,8183
충청북도,보은군,4372000000,2,1,1300
충청북도,보은군,4372000000,2,2,761
충청북도,보은군,4372000000,2,3,827
충청북도,보은군,4372000000,2,4,1245
충청북도,보은군,4372000000,2,5,2179
충청북도,보은군,4372000000,2,6,8995
충청북도,영동군,4374000000,1,1,2052
충청북도,영동군,4374000000,1,2,1565
충청북도,영동군,4374000000,1,3,1466
충청북도,영동군,4374000000,1,4,2007
충청북도,영동군,4374000000,1,5,4039
충청북도,영동군,4374000000,1,6,10602
충청북도,영동군,4374000000,2,1,1898
충청북도,영동군,4374000000,2,2,1261
충청북도,영동군,4374000000,2,3,1164
충청북도,영동군,4374000000,2,4,1747
충청북도,영동군,4374000000,2,5,3260
충청북도,영동군,4374000000,2,6,11950
충청북도,옥천군,4373000000,1,1,2695
충청북도,옥천군,4373000000,1,2,2164
충청북도,옥천군,4373000000,1,3,1883
충청북도,옥천군,4373000000,1,4,2725
충청북도,옥천군,4373000000,1,5,4598
충청북도,옥천군,4373000000,1,6,11631
충청북도,옥천군,4373000000,2,1,2454
충청북도,옥천군,4373000000,2,2,1639
충청북도,옥천군,4373000000,2,3,1575
충청북도,옥천군,4373000000,2,4,2517
충청북도,옥천군,4373000000,2,5,4107
충청북도,옥천군,4373000000,2,6,12559
충청북도,음성군,4377000000,1,1,6111
충청북도,음성군,4377000000,1,2,4695
충청북도,음성군,4377000000,1,3,5904
충청북도,음성군,4377000000,1,4,6840
충청북도,음성군,4377000000,1,5,9854
충청북도,음성군,4377000000,1,6,17892
충청북도,음성군,4377000000,2,1,5514
충청북도,음성군,4377000000,2,2,3466
충청북도,음성군,4377000000,2,3,4192
충청북도,음성군,4377000000,2,4,5484
충청북도,음성군,4377000000,2,5,7944
충청북도,음성군,4377000000,2,6,18058
충청북도,제천시,4315000000,1,1,8672
충청북도,제천시,4315000000,1,2,7038
충청북도,제천시,4315000000,1,3,6315
충청북도,제천시,4315000000,1,4,7759
충청북도,제천시,4315000000,1,5,11339
충청북도,제천시,4315000000,1,6,23596
충청북도,제천시,4315000000,2,1,8130
충청북도,제천시,4315000000,2,2,5604
충청북도,제천시,4315000000,2,3,5051
충청북도,제천시,4315000000,2,4,7154
충청북도,제천시,4315000000,2,5,10775
충청북도,제천시,4315000000,2,6,26759
충청북도,증평군,4374500000,1,1,2852
충청북도,증평군,4374500000,1,2,2077
충청북도,증평군,4374500000,1,3,2521
충청북도,증평군,4374500000,1,4,2844
충청북도,증평군,4374500000,1,5,3299
충청북도,증평군,4374500000,1,6,5565
충청북도,증평군,4374500000,2,1,2688
충청북도,증평군,4374500000,2,2,1438
충청북도,증평군,4374500000,2,3,1967
충청북도,증평군,4374500000,2,4,2366
충청북도,증평군,4374500000,2,5,2881
충청북도,증평군,4374500000,2,6,6243
충청북도,진천군,4375000000,1,1,7237
충청북도,진천군,4375000000,1,2,4218
충청북도,진천군,4375000000,1,3,6094
충청북도,진천군,4375000000,1,4,7383
충청북도,진천군,4375000000,1,5,8058
충청북도,진천군,4375000000,1,6,12304
충청북도,진천군,4375000000,2,1,6727
충청북도,진천군,4375000000,2,2,3042
충청북도,진천군,4375000000,2,3,4562
충청북도,진천군,4375000000,2,4,6239
충청북도,진천군,4375000000,2,5,6602
충청북도,진천군,4375000000,2,6,13103
충청북도,청주시 상당구,4311100000,1,1,16326
충청북도,청주시 상당구,4311100000,1,2,10384
충청북도,청주시 상당구,4311100000,1,3,12394
충청북도,청주시 상당구,4311100000,1,4,14310
충청북도,청주시 상당구,4311100000,1,5,16424
충청북도,청주시 상당구,4311100000,1,6,26039
충청북도,청주시 상당구,4311100000,2,1,15584
충청북도,청주시 상당구,4311100000,2,2,8955
충청북도,청주시 상당구,4311100000,2,3,11330
충청북도,청주시 상당구,4311100000,2,4,14024
충청북도,청주시 상당구,4311100000,2,5,16917
충청북도,청주시 상당구,4311100000,2,6,30392
충청북도,청주시 서원구,4311200000,1,1,13894
충청북도,청주시 서원구,4311200000,1,2,13179
충청북도,청주시 서원구,4311200000,1,3,12661
충청북도,청주시 서원구,4311200000,1,4,12573
충청북도,청주시 서원구,4311200000,1,5,16288
충청북도,청주시 서원구,4311200000,1,6,24993
충청북도,청주시 서원구,4311200000,2,1,13197
충청북도,청주시 서원구,4311200000,2,2,11332
충청북도,청주시 서원구,4311200000,2,3,10440
충청북도,청주시 서원구,4311200000,2,4,12362
충청북도,청주시 서원구,4311200000,2,5,17215
충청북도,청주시 서원구,4311200000,2,6,29645
충청북도,청주시 청원구,4311400000,1,1,16544
충청북도,청주시 청원구,4311400000,1,2,12042
충청북도,청주시 청원구,4311400000,1,3,15155
충청북도,청주시 청원구,4311400000,1,4,16127
충청북도,청주시 청원구,4311400000,1,5,15086
충청북도,청주시 청원구,4311400000,1,6,21085
충청북도,청주시 청원구,4311400000,2,1,15730
충청북도,청주시 청원구,4311400000,2,2,9696
충청북도,청주시 청원구,4311400000,2,3,11486
충청북도,청주시 청원구,4311400000,2,4,14406
충청북도,청주시 청원구,4311400000,2,5,14013
충청북도,청주시 청원구,4311400000,2,6,24718
충청북도,청주시 흥덕구,4311300000,1,1,25918
충청북도,청주시 흥덕구,4311300000,1,2,19508
충청북도,청주시 흥덕구,4311300000,1,3,27675
충청북도,청주시 흥덕구,4311300000,1,4,23940
충청북도,청주시 흥덕구,4311300000,1,5,23101
충청북도,청주시 흥덕구,4311300000,1,6,29342
충청북도,청주시 흥덕구,4311300000,2,1,24818
충청북도,청주시 흥덕구,4311300000,2,2,16495
충청북도,청주시 흥덕구,4311300000,2,3,22855
충청북도,청주시 흥덕구,4311300000,2,4,21949
충청북도,청주시 흥덕구,4311300000,2,5,23217
충청북도,청주시 흥덕구,4311300000,2,6,33807
충청북도,충주시,4313000000,1,1,14332
충청북도,충주시,4313000000,1,2,11193
충청북도,충주시,4313000000,1,3,12759
충청북도,충주시,4313000000,1,4,13965
충청북도,충주시,4313000000,1,5,18090
충청북도,충주시,4313000000,1,6,34213
충청북도,충주시,4313000000,2,1,13396
충청북도,충주시,4313000000,2,2,8540
충청북도,충주시,4313000000,2,3,9728
충청북도,충주시,4313000000,2,4,12934
충청북도,충주시,4313000000,2,5,17553
충청북도,충주시,4313000000,2,6,39275
