SIDO_NM,CCG_NM,LAWD_CD,LON,LAT,N_STORES
강원특별자치도,강릉시,51150,128.8895783830081,37.77553848848321,16699
강원특별자치도,고성군,51820,128.49792812181164,38.34847744514887,2631
강원특별자치도,동해시,51170,129.11070957498964,37.51800018438731,5957
강원특별자치도,삼척시,51230,129.18195586530416,37.372464120961496,4260
강원특별자치도,속초시,51210,128.58358431243389,38.197316155524724,7349
강원특별자치도,양구군,51800,127.99850845877133,38.12176786311594,1438
강원특별자치도,양양군,51830,128.64894691611093,38.05680801234657,3157
강원특별자치도,영월군,51750,128.4431576338644,37.203007762401825,2811
강원특별자치도,원주시,51130,127.93888364619511,37.33953125549096,22917
강원특별자치도,인제군,51810,128.23211513056262,38.06750927974302,2926
강원특별자치도,정선군,51770,128.752587017942,37.31948990681075,3009
강원특별자치도,철원군,51780,127.29895212587745,38.19885197703267,2878
강원특별자치도,춘천시,51110,127.73126810102566,37.869961097418894,17984
강원특별자치도,태백시,51190,128.99064810522978,37.15917837662221,2700
강원특별자치도,평창군,51760,128.4894057580481,37.56576566818719,3845
강원특별자치도,홍천군,51720,127.88889754118523,37.69663959697398,4942
강원특별자치도,화천군,51790,127.65357257873008,38.09947470901215,1637
강원특별자치도,횡성군,51730,128.05399443402283,37.49417531337052,3066
경기도,가평군,41820,127.45354147255547,37.782922373520876,6570
경기도,고양시 덕양구,41281,126.86291728168565,37.640158275459974,21412
경기도,고양시 일산동구,41285,126.78466629858353,37.66515819627416,17539
경기도,고양시 일산서구,41287,126.75495228831258,37.68058427581495,11636
경기도,과천시,41290,126.99526026959079,37.42963774948757,2931
경기도,광명시,41210,126.87097908415973,37.45721383556326,12547
경기도,광주시,41610,127.25824450149013,37.39000281680711,16717
경기도,구리시,41310,127.1350920580771,37.608263175796644,11452
경기도,군포시,41410,126.93796083799947,37.35576173789972,10235
경기도,김포시,41570,126.66475558539962,37.64182060222137,25160
경기도,남양주시,41360,127.19755870473841,37.65058441815649,33692
경기도,동두천시,41250,127.0567494515901,37.90234125002425,4623
경기도,부천시 소사구,41194,126.79463390555354,37.4774742192342,8591
경기도,부천시 오정구,41196,126.798226851037,37.52340274057773,5842
경기도,부천시 원미구,41192,126.77267377701266,37.49771193961838,23287
경기도,성남시 분당구,41135,127.11579048033413,37.38079264028405,24195
경기도,성남시 수정구,41131,127.13513149397821,37.448429921459365,11772
경기도,성남시 중원구,41133,127.15128368693682,37.43679730212038,10359
경기도,수원시 권선구,41113,126.99288965471658,37.26018180743647,14731
경기도,수원시 영통구,41117,127.05758625770946,37.26778246816953,17094
경기도,수원시 장안구,41111,126.998488243304,37.29857317692607,10924
경기도,수원시 팔달구,41115,127.01791470511388,37.27362845587852,14739
경기도,시흥시,41390,126.76514028996274,37.38193987007733,25119
경기도,안산시 단원구,41273,126.79622177117713,37.31538239151364,21172
경기도,안산시 상록구,41271,126.85850349145885,37.30735387509704,13317
경기도,안성시,41550,127.25529447362729,37.019584525614945,10808
경기도,안양시 동안구,41173,126.95978308709493,37.39125090288165,17712
경기도,안양시 만안구,41171,126.919695740066,37.39982500095662,10493
경기도,양주시,41630,127.04891904000404,37.81456795768967,12820
경기도,양평군,41830,127.5053228638114,37.511991431406024,8071
경기도,여주시,41670,127.61487024733772,37.28922821200142,7015
경기도,연천군,41800,127.05588168112233,38.04673404977036,2690
경기도,오산시,41370,127.06206305521754,37.15775482604182,11437
경기도,용인시 기흥구,41463,127.11721388960873,37.274879690982324,18634
경기도,용인시 수지구,41465,127.09252155616919,37.3231623606614,12745
경기도,용인시 처인구,41461,127.2260597781735,37.2345512702389,14930
경기도,의왕시,41430,126.97559362294129,37.3635966299575,5252
경기도,의정부시,41150,127.06056748079081,37.74015527631853,20888
경기도,이천시,41500,127.45874286728902,37.25648969063308,12326
경기도,파주시,41480,126.76593682901664,37.76448236928449,24595
경기도,평택시,41220,127.04587263696084,37.01978959473432,33131
경기도,포천시,41650,127.20776854140453,37.893918402744696,10424
경기도,하남시,41450,127.19387387899567,37.54738172450883,16977
경기도,화성시 동탄구,41597,127.09165955827488,37.19734863863827,18237
경기도,화성시 만세구,41591,126.84323300132361,37.157651723822646,15135
경기도,화성시 병점구,41595,127.03866056111107,37.21416990018463,6374
경기도,화성시 효행구,41593,126.95380017120392,37.20881564525624,6330
경상남도,거제시,48310,128.64778798057145,34.88263035369535,12669
경상남도,거창군,48880,127.9121922833611,35.6975238450767,3378
경상남도,고성군,48820,128.32230259666204,34.99023749591263,2679
경상남도,김해시,48250,128.84357469451444,35.23448008528928,26700
경상남도,남해군,48840,127.94117516245421,34.812911006732115,3320
경상남도,밀양시,48270,128.76960414848534,35.48354261317551,5823
경상남도,사천시,48240,128.07000816754436,35.008606470607646,6468
경상남도,산청군,48860,127.88918140688638,35.35551575505918,2040
경상남도,양산시,48330,129.0571612779729,35.3559612075118,16790
경상남도,의령군,48720,128.27018151255305,35.35485739879062,1087
경상남도,진주시,48170,128.10245690054137,35.18366926705092,19577
경상남도,창녕군,48740,128.49934298671295,35.48915340766149,3177
경상남도,창원시 마산합포구,48125,128.56116307510592,35.18619237990816,10078
경상남도,창원시 마산회원구,48127,128.563399043389,35.235161770023225,8241
경상남도,창원시 성산구,48123,128.68321844876837,35.22058270309667,13614
경상남도,창원시 의창구,48121,128.63897968643752,35.26347377692502,11213
경상남도,창원시 진해구,48129,128.7261703886269,35.1337579625101,8450
경상남도,통영시,48220,128.41255869746104,34.84590916883883,7543
경상남도,하동군,48850,127.76791296744145,35.09941643603219,2903
경상남도,함안군,48730,128.4362639475496,35.29224240146211,2979
경상남도,함양군,48870,127.73178009486054,35.52828438653679,2156
경상남도,합천군,48890,128.15091478293402,35.576783786907896,2002
경상북도,경산시,47290,128.7666621958902,35.84541946003565,13217
경상북도,경주시,47130,129.2440439115922,35.84187527379771,18020
경상북도,고령군,47830,128.31285771534095,35.746713042430386,1520
경상북도,구미시,47190,128.36866750739142,36.12957057510355,20797
경상북도,김천시,47150,128.13111589397977,36.12202506022116,6646
경상북도,문경시,47280,128.1698041170871,36.625641384036165,4329
경상북도,봉화군,47920,128.8369820316496,36.91307739014959,1516
경상북도,상주시,47250,128.13895618646885,36.42510141547773,4758
경상북도,성주군,47840,128.27183888042646,35.91230231603475,2287
경상북도,안동시,47170,128.70652871033812,36.566534310117255,9462
경상북도,영덕군,47770,129.38838353917834,36.43440554336308,2838
경상북도,영양군,47760,129.12132695019702,36.65897266018177,742
경상북도,영주시,47210,128.60422681889452,36.83256793247946,6244
경상북도,영천시,47230,128.92786881964332,35.97448179427195,4940
경상북도,예천군,47900,128.44387439690345,36.62605154283143,2386
경상북도,울릉군,47940,130.8922658446871,37.49166970816151,929
경상북도,울진군,47930,129.41029423338247,36.9209932602498,3245
경상북도,의성군,47730,128.60719445637238,36.350491016920856,2326
경상북도,청도군,47820,128.7456225926738,35.65922381926301,2555
경상북도,청송군,47750,129.04340877726239,36.41945024685264,1533
경상북도,칠곡군,47850,128.4162338122677,36.025860256009985,6149
경상북도,포항시 남구,47111,129.3859273302972,35.999306272708814,13387
경상북도,포항시 북구,47113,129.36339616822036,36.06978940387654,15141
광주광역시,광산구,29200,126.81577441210932,35.18114854578476,18883
광주광역시,남구,29155,126.89947897392315,35.127253160494874,8952
광주광역시,동구,29110,126.92316589749282,35.147634718442234,9363
광주광역시,북구,29170,126.89764513585928,35.18563242867669,20649
광주광역시,서구,29140,126.8660643828501,35.14663369960444,17477
대구광역시,군위군,27720,128.60475088630355,36.185292545983,1139
대구광역시,남구,27200,128.5826393470862,35.84421680919104,8405
대구광역시,달서구,27290,128.53019028954014,35.8364055456257,22762
대구광역시,달성군,27710,128.46838270418996,35.76966808429919,9329
대구광역시,동구,27140,128.66080899331502,35.884382565847794,15414
대구광역시,북구,27230,128.58023532668966,35.91119164697882,18021
대구광역시,서구,27170,128.55935706407132,35.872238297409794,8218
대구광역시,수성구,27260,128.63943821635564,35.84554639412198,19916
대구광역시,중구,27110,128.59315798650542,35.866939669426266,15153
대전광역시,대덕구,30230,127.42749527063775,36.38692954213942,8503
대전광역시,동구,30110,127.44337648448004,36.332280010030004,11824
대전광역시,서구,30170,127.3731467303463,36.33557078613964,27753
대전광역시,유성구,30200,127.34661622735818,36.37147134240898,19141
대전광역시,중구,30140,127.41283639025451,36.32110499137608,13483
부산광역시,강서구,26440,128.9092206004779,35.12217597805153,8157
부산광역시,금정구,26410,129.09214912698855,35.23919390736018,10318
부산광역시,기장군,26710,129.20929179513016,35.278715839441205,8745
부산광역시,남구,26290,129.09368136780043,35.13154050357619,9532
부산광역시,동구,26170,129.04958475093036,35.12921803006211,6930
부산광역시,동래구,26260,129.08254857166884,35.204207448624956,12002
부산광역시,부산진구,26230,129.05412358704214,35.15913113406583,21012
부산광역시,북구,26320,129.01301616130698,35.2180863875302,8677
부산광역시,사상구,26530,128.98713423829102,35.16041788944217,9599
부산광역시,사하구,26380,128.97682914753742,35.09105727094086,10862
부산광역시,서구,26140,129.01876793331218,35.1006979218864,4009
부산광역시,수영구,26500,129.11473944867643,35.1592830257859,10214
부산광역시,연제구,26470,129.08388493046175,35.18564371419134,10309
부산광역시,영도구,26200,129.05320167469426,35.08633573389323,4105
부산광역시,중구,26110,129.03085159359148,35.10182552246565,7465
부산광역시,해운대구,26350,129.15156065633582,35.17781720507945,17753
서울특별시,강남구,11680,127.0440375298912,37.506157788764796,66269
서울특별시,강동구,11740,127.13939554137474,37.542630643786346,19748
서울특별시,강북구,11305,127.02379695581472,37.63162374031031,12604
서울특별시,강서구,11500,126.83808562734471,37.55461471224602,27098
서울특별시,관악구,11620,126.93835627547091,37.48021923313186,20325
서울특별시,광진구,11215,127.0814004774257,37.54602039921794,18877
서울특별시,구로구,11530,126.87430218155946,37.4936863117779,18559
서울특별시,금천구,11545,126.8914500229207,37.470580171544015,18353
서울특별시,노원구,11350,127.06870490527524,37.64713345878588,15686
서울특별시,도봉구,11320,127.03961446697059,37.65862175787373,10610
서울특별시,동대문구,11230,127.05275414776622,37.5793194795728,17303
서울특별시,동작구,11590,126.95039346086423,37.497765794425746,14187
서울특별시,마포구,11440,126.92416515899002,37.55484434248859,32102
서울특별시,서대문구,11410,126.93717360538483,37.57170768913098,14152
서울특별시,서초구,11650,127.01586049088556,37.49059504277267,40115
서울특별시,성동구,11200,127.04434919553846,37.55122656161,17782
서울특별시,성북구,11290,127.0268675254207,37.60031688564614,15889
서울특별시,송파구,11710,127.11500530151217,37.50076634159542,34860
서울특별시,양천구,11470,126.85907390726443,37.52789070556284,16015
서울특별시,영등포구,11560,126.9068583809141,37.5178294204213,29425
서울특별시,용산구,11170,126.9789890179888,37.53679456120393,16301
서울특별시,은평구,11380,126.91963539941182,37.60840616886241,16363
서울특별시,종로구,11110,126.98961991371968,37.57638860473835,21616
서울특별시,중구,11140,126.9939309827168,37.56308828357559,24801
서울특별시,중랑구,11260,127.08757449423841,37.596058887196705,15052
세종특별자치시,세종특별자치시,36110,127.27166091275767,36.523565696867855,15816
울산광역시,남구,31140,129.3147889867061,35.537731867308416,20277
울산광역시,동구,31170,129.4253658285606,35.506003477387964,6262
울산광역시,북구,31200,129.36757388810645,35.60492729191702,8005
울산광역시,울주군,31710,129.22046556995508,35.51061445612713,10504
울산광역시,중구,31110,129.32158360158252,35.56164735256278,9689
인천광역시,강화군,28710,126.45224766191369,37.700303066276085,5466
인천광역시,계양구,28245,126.73036788605562,37.53908777120138,11085
인천광역시,남동구,28200,126.71824804644474,37.43915880509528,23034
인천광역시,동구,28140,126.64154943482025,37.47913510171968,2873
인천광역시,미추홀구,28177,126.6686626793234,37.45518829826161,18885
인천광역시,부평구,28237,126.7215747122366,37.49845061479358,21155
인천광역시,서구,28260,126.66720390186879,37.54513844778949,25074
인천광역시,연수구,28185,126.65729904154367,37.40249917005631,17061
인천광역시,옹진군,28720,125.93138515827482,37.47403533537468,1818
인천광역시,중구,28110,126.55442781680995,37.476760484535276,10544
전라남도,강진군,46810,126.7727366902257,34.617710273881585,1944
전라남도,고흥군,46770,127.26779618734415,34.57895168940476,3159
전라남도,곡성군,46720,127.25090019440047,35.25284726696269,1338
전라남도,광양시,46230,127.65739603480246,34.960614582383684,7950
전라남도,구례군,46730,127.48038847475945,35.224363496557956,1727
전라남도,나주시,46170,126.75719486765898,35.01925258728707,6339
전라남도,담양군,46710,126.98076972421605,35.30342020170269,2686
전라남도,목포시,46110,126.40523435870449,34.80329282916142,13370
전라남도,무안군,46840,126.45132689367199,34.88866297711186,4601
전라남도,보성군,46780,127.19229517937724,34.79332392427224,1996
전라남도,순천시,46150,127.50299226883935,34.95211882157253,15103
전라남도,신안군,46910,126.01309182828764,34.83592195917616,1678
전라남도,여수시,46130,127.6872424733013,34.74290345849631,16429
전라남도,영광군,46870,126.47683309927297,35.29300082476141,2752
전라남도,영암군,46830,126.55296446004374,34.77734250891985,2686
전라남도,완도군,46890,126.75893494726708,34.29886431512963,2813
전라남도,장성군,46880,126.77282601029351,35.30446250956523,2035
전라남도,장흥군,46800,126.9197794601874,34.64577879340349,1953
전라남도,진도군,46900,126.25220463812853,34.46266107133319,1647
전라남도,함평군,46860,126.53542563813872,35.09149867928486,1317
전라남도,해남군,46820,126.55349390091584,34.54528950053053,3542
전라남도,화순군,46790,126.98700173236605,35.04503056582558,2887
전북특별자치도,고창군,52790,126.65295679858357,35.4482072534915,2677
전북특별자치도,군산시,52130,126.70184802870445,35.9659632858405,15060
전북특별자치도,김제시,52210,126.91052301980677,35.80287883025242,4034
전북특별자치도,남원시,52190,127.41741851900605,35.41463415768159,4699
전북특별자치도,무주군,52730,127.70968203971735,35.951958075319794,1727
전북특별자치도,부안군,52800,126.65375768059201,35.683655888005454,3217
전북특별자치도,순창군,52770,127.12228702274956,35.392665207525866,1276
전북특별자치도,완주군,52710,127.13972599343613,35.902580800688284,5086
전북특별자치도,익산시,52140,126.9689895042965,35.961343696102276,14002
전북특별자치도,임실군,52750,127.26178262118083,35.60013920280157,1213
전북특별자치도,장수군,52740,127.54424688868686,35.67643886806188,999
전북특별자치도,전주시 덕진구,52113,127.12547939671929,35.848127122221086,16908
전북특별자치도,전주시 완산구,52111,127.12321280351172,35.813884157021114,21209
전북특별자치도,정읍시,52180,126.86676746743393,35.578847023653374,5400
전북특별자치도,진안군,52720,127.4229916020596,35.80787295033713,1242
제주특별자치도,서귀포시,50130,126.55689325888353,33.28224938581369,16679
제주특별자치도,제주시,50110,126.5070613405072,33.48677505035596,42330
충청남도,계룡시,44250,127.24543441146068,36.28118631732148,1810
충청남도,공주시,44150,127.12284102234639,36.46413050245821,6861
충청남도,금산군,44710,127.48073187988051,36.12314033092353,3683
충청남도,논산시,44230,127.10472018936386,36.187224283031014,7221
충청남도,당진시,44270,126.675763202712,36.902705758771305,9921
충청남도,보령시,44180,126.57607421520201,36.342305520893326,6950
충청남도,부여군,44760,126.88859636753753,36.26814748414127,3375
충청남도,서산시,44210,126.46006274289732,36.79090975901202,9436
충청남도,서천군,44770,126.67414400712268,36.07619396840585,3223
충청남도,아산시,44200,127.02448525263111,36.800785659588335,16826
충청남도,예산군,44810,126.78002162386139,36.68420415898709,4890
충청남도,천안시 동남구,44131,127.16240864430438,36.793274271045476,15133
충청남도,천안시 서북구,44133,127.13225948976653,36.83325479334384,22116
충청남도,청양군,44790,126.8335496414705,36.43741306246559,1733
충청남도,태안군,44825,126.28760828758949,36.68595447846632,5318
충청남도,홍성군,44800,126.64748803892985,36.594906166968315,6093
충청북도,괴산군,43760,127.81359746870295,36.77890324302488,2103
충청북도,단양군,43800,128.36858905704102,36.990847734833224,2210
충청북도,보은군,43720,127.73546613815445,36.488251873139845,1966
충청북도,영동군,43740,127.80184214904897,36.17971743221116,2580
충청북도,옥천군,43730,127.59446890515625,36.30543699148118,2878
충청북도,음성군,43770,127.581674454926,36.97358041818056,6817
충청북도,제천시,43150,128.19889114909446,37.12836452774834,8611
충청북도,증평군,43745,127.58243642445787,36.783905039245845,2084
충청북도,진천군,43750,127.46000664815759,36.89224469645286,4962
충청북도,청주시 상당구,43111,127.5091649924035,36.62096357342672,10706
충청북도,청주시 서원구,43112,127.46763054246394,36.613774948918135,9975
충청북도,청주시 청원구,43114,127.47628861898937,36.68662655531602,9838
충청북도,청주시 흥덕구,43113,127.42370624591823,36.635736902316765,15887
충청북도,충주시,43130,127.91430796635686,36.982224246048,13114
