SIDO_NM,CCG_NM,LAWD_CD,STRD_YYMM,LOCAL_VISITORS,OUTSIDE_VISITORS,FOREIGN_VISITORS
강원특별자치도,강릉시,51150,202601,5792822.0,2883552.0,19996.379999999997
강원특별자치도,강릉시,51150,202602,5254602.5,2865544.5,21124.45
강원특별자치도,강릉시,51150,202603,6003441.5,2566970.0,19286.36
강원특별자치도,강릉시,51150,202604,5824455.0,2480432.5,38165.64
강원특별자치도,강릉시,51150,202605,6205416.0,3191114.5,44112.05
강원특별자치도,강릉시,51150,202606,6104381.5,2810902.5,62778.63
강원특별자치도,고성군,51820,202601,711994.5,923419.0,5031.78
강원특별자치도,고성군,51820,202602,647034.5,909398.0,5921.17
강원특별자치도,고성군,51820,202603,752815.0,759874.5,10444.06
강원특별자치도,고성군,51820,202604,757431.5,853058.5,18282.22
강원특별자치도,고성군,51820,202605,803393.5,1237442.5,17683.520000000004
강원특별자치도,고성군,51820,202606,806421.0,1187203.5,14979.259999999998
강원특별자치도,동해시,51170,202601,2153543.0,969325.0,10012.91
강원특별자치도,동해시,51170,202602,1935465.0,1043406.0,10689.08
강원특별자치도,동해시,51170,202603,2238404.0,933432.5,11493.87
강원특별자치도,동해시,51170,202604,2211727.0,942508.0,13238.439999999999
강원특별자치도,동해시,51170,202605,2232296.5,1231842.5,14267.839999999998
강원특별자치도,동해시,51170,202606,2203792.5,1158181.5,14851.44
강원특별자치도,삼척시,51230,202601,1405355.0,762769.0,10924.759999999998
강원특별자치도,삼척시,51230,202602,1257256.0,842471.0,11155.189999999999
강원특별자치도,삼척시,51230,202603,1434499.5,918148.0,16214.849999999999
강원특별자치도,삼척시,51230,202604,1395352.0,949242.0,18348.77
강원특별자치도,삼척시,51230,202605,1553058.5,1149522.5,22124.23
강원특별자치도,삼척시,51230,202606,1518643.0,955097.5,20481.64
강원특별자치도,속초시,51210,202601,2288174.0,2061419.5,18608.230000000003
강원특별자치도,속초시,51210,202602,2091015.5,2037437.5,17504.56
강원특별자치도,속초시,51210,202603,2369692.5,1623601.0,23753.979999999996
강원특별자치도,속초시,51210,202604,2292685.5,1765358.0,39124.07
강원특별자치도,속초시,51210,202605,2399873.0,2384035.5,39663.0
강원특별자치도,속초시,51210,202606,2362899.0,2129970.5,33062.159999999996
강원특별자치도,양구군,51800,202601,514143.0,175353.5,629.8
강원특별자치도,양구군,51800,202602,465325.0,185853.5,853.5200000000001
강원특별자치도,양구군,51800,202603,558442.5,224941.5,1809.4700000000003
강원특별자치도,양구군,51800,202604,544411.0,230762.0,7538.36
강원특별자치도,양구군,51800,202605,576331.0,312907.0,11617.410000000002
강원특별자치도,양구군,51800,202606,559888.0,236582.5,11358.24
강원특별자치도,양양군,51830,202601,881454.0,1085868.0,10641.41
강원특별자치도,양양군,51830,202602,806204.0,1055852.0,8710.220000000001
강원특별자치도,양양군,51830,202603,919439.5,948220.0,10742.160000000002
강원특별자치도,양양군,51830,202604,914434.5,1106304.5,20765.73
강원특별자치도,양양군,51830,202605,956907.0,1513827.0,20009.260000000002
강원특별자치도,양양군,51830,202606,961135.0,1309301.0,18509.690000000002
강원특별자치도,영월군,51750,202601,591769.5,406644.0,2751.62
강원특별자치도,영월군,51750,202602,537561.5,528262.0,2942.5
강원특별자치도,영월군,51750,202603,640157.0,596669.5,2764.19
강원특별자치도,영월군,51750,202604,625943.5,668545.5,6228.2699999999995
강원특별자치도,영월군,51750,202605,669413.5,864811.5,8446.529999999999
강원특별자치도,영월군,51750,202606,671870.5,696370.5,7697.379999999999
강원특별자치도,원주시,51130,202601,8023340.5,2613740.5,21663.61
강원특별자치도,원주시,51130,202602,7217406.0,2771825.0,20298.18
강원특별자치도,원주시,51130,202603,8324330.0,3044338.5,27231.300000000003
강원특별자치도,원주시,51130,202604,7991077.5,2598708.0,34692.44
강원특별자치도,원주시,51130,202605,8590113.0,3245532.5,40778.14000000001
강원특별자치도,원주시,51130,202606,8404098.5,2786749.0,35740.73
강원특별자치도,인제군,51810,202601,714584.5,812259.0,3516.7099999999996
강원특별자치도,인제군,51810,202602,637973.0,822321.5,3223.79
강원특별자치도,인제군,51810,202603,753644.5,671541.5,4523.96
강원특별자치도,인제군,51810,202604,741310.5,752080.0,11566.43
강원특별자치도,인제군,51810,202605,788452.0,1144682.0,18050.039999999997
강원특별자치도,인제군,51810,202606,780969.0,997626.0,22523.79
강원특별자치도,정선군,51770,202601,764736.0,904963.5,6673.749999999999
강원특별자치도,정선군,51770,202602,712404.0,857822.0,7815.17
강원특별자치도,정선군,51770,202603,819066.5,602598.5,3326.21
강원특별자치도,정선군,51770,202604,803740.0,581595.0,12824.63
강원특별자치도,정선군,51770,202605,852831.0,864671.5,23764.78
강원특별자치도,정선군,51770,202606,868175.0,776422.5,22928.57
강원특별자치도,철원군,51780,202601,859876.5,420045.5,2765.0
강원특별자치도,철원군,51780,202602,783629.0,485310.0,3076.1099999999997
강원특별자치도,철원군,51780,202603,916233.5,467407.5,4451.69
강원특별자치도,철원군,51780,202604,890295.0,488435.5,12086.56
강원특별자치도,철원군,51780,202605,954131.5,655431.0,22156.229999999996
강원특별자치도,철원군,51780,202606,924101.5,509379.5,18625.68
강원특별자치도,춘천시,51110,202601,7040183.5,2171718.5,98314.27999999998
강원특별자치도,춘천시,51110,202602,6323191.0,2289427.0,86317.65000000001
강원특별자치도,춘천시,51110,202603,7331807.0,2683565.5,67623.79000000001
강원특별자치도,춘천시,51110,202604,7052157.0,2277222.5,110272.96
강원특별자치도,춘천시,51110,202605,7657174.0,2806331.5,101845.11
강원특별자치도,춘천시,51110,202606,7442071.0,2296759.5,71828.54000000001
강원특별자치도,태백시,51190,202601,1035419.0,464859.5,2576.68
강원특별자치도,태백시,51190,202602,939550.5,496356.0,2282.8
강원특별자치도,태백시,51190,202603,1077615.0,341026.0,1947.32
강원특별자치도,태백시,51190,202604,1053941.0,347147.5,4218.17
강원특별자치도,태백시,51190,202605,1110669.0,450688.0,7831.710000000001
강원특별자치도,태백시,51190,202606,1104481.0,398023.5,8922.609999999999
강원특별자치도,평창군,51760,202601,950299.0,1609345.5,38892.47
강원특별자치도,평창군,51760,202602,911113.0,1478907.5,41214.869999999995
강원특별자치도,평창군,51760,202603,1013099.5,941017.0,14349.42
강원특별자치도,평창군,51760,202604,973913.5,998441.5,27638.07
강원특별자치도,평창군,51760,202605,1044694.0,1515860.5,37791.350000000006
강원특별자치도,평창군,51760,202606,1061959.5,1414955.5,33503.73
강원특별자치도,홍천군,51720,202601,1260612.5,1763965.0,45517.47
강원특별자치도,홍천군,51720,202602,1154667.5,1742398.0,46696.670000000006
강원특별자치도,홍천군,51720,202603,1319255.0,1364338.5,19834.259999999995
강원특별자치도,홍천군,51720,202604,1302556.5,1558200.0,40564.119999999995
강원특별자치도,홍천군,51720,202605,1369483.5,2062231.5,57281.0
강원특별자치도,홍천군,51720,202606,1372864.5,1798909.0,58038.149999999994
강원특별자치도,화천군,51790,202601,493888.5,456039.5,16901.890000000003
강원특별자치도,화천군,51790,202602,427262.5,273980.0,2100.2000000000003
강원특별자치도,화천군,51790,202603,494406.5,282341.5,1561.2099999999998
강원특별자치도,화천군,51790,202604,478142.0,294315.0,3760.23
강원특별자치도,화천군,51790,202605,518203.0,421718.5,9379.619999999999
강원특별자치도,화천군,51790,202606,492817.5,325066.0,8758.060000000001
강원특별자치도,횡성군,51730,202601,811664.0,809049.5,15257.370000000003
강원특별자치도,횡성군,51730,202602,740505.5,878297.0,13148.53
강원특별자치도,횡성군,51730,202603,866554.5,753840.5,8842.0
강원특별자치도,횡성군,51730,202604,841267.0,817971.0,23848.170000000002
강원특별자치도,횡성군,51730,202605,897879.5,1100186.5,42630.37
강원특별자치도,횡성군,51730,202606,909783.0,917143.5,51271.49
경기도,가평군,41820,202601,1346331.0,1461313.0,87466.47
경기도,가평군,41820,202602,1211770.0,1623506.5,75902.11
경기도,가평군,41820,202603,1422365.0,1699750.5,58304.28
경기도,가평군,41820,202604,1368860.5,2013837.0,100413.07
경기도,가평군,41820,202605,1478015.0,2695745.5,91852.27
경기도,가평군,41820,202606,1461953.5,2226507.5,63390.950000000004
경기도,고양시 덕양구,41281,202601,7536315.5,4864044.5,108814.28999999998
경기도,고양시 덕양구,41281,202602,6694618.0,4837262.5,95350.19999999998
경기도,고양시 덕양구,41281,202603,7808377.5,5544731.5,128255.56000000001
경기도,고양시 덕양구,41281,202604,7420434.0,4806679.5,212675.61
경기도,고양시 덕양구,41281,202605,8012301.5,5583788.0,192147.93
경기도,고양시 덕양구,41281,202606,7946435.0,5026976.5,157845.37
경기도,고양시 일산동구,41285,202601,5355602.0,4418078.0,38785.130000000005
경기도,고양시 일산동구,41285,202602,4773552.0,4242553.0,37956.28
경기도,고양시 일산동구,41285,202603,5559935.5,4818660.0,46971.96000000001
경기도,고양시 일산동구,41285,202604,5257801.5,4365543.0,67913.76
경기도,고양시 일산동구,41285,202605,5578436.5,4800715.5,55532.38
경기도,고양시 일산동구,41285,202606,5593241.5,4246270.0,58900.05
경기도,고양시 일산서구,41287,202601,4508189.0,3189767.0,31348.04
경기도,고양시 일산서구,41287,202602,4038923.0,3199896.0,30114.45
경기도,고양시 일산서구,41287,202603,4678152.5,3770742.5,39035.04
경기도,고양시 일산서구,41287,202604,4495799.0,3462385.5,109329.32000000002
경기도,고양시 일산서구,41287,202605,4932606.0,3931385.5,48309.81
경기도,고양시 일산서구,41287,202606,4918732.0,3375442.0,62575.83
경기도,과천시,41290,202601,1956780.0,1554686.0,10401.829999999998
경기도,과천시,41290,202602,1708717.5,1560583.5,10707.410000000002
경기도,과천시,41290,202603,2070204.5,2005983.0,13047.810000000001
경기도,과천시,41290,202604,1956405.5,2137030.0,20965.79
경기도,과천시,41290,202605,2126456.5,2220834.0,19156.5
경기도,과천시,41290,202606,2135679.0,1838847.5,20875.12
경기도,광명시,41210,202601,4638081.0,3767631.0,31333.260000000002
경기도,광명시,41210,202602,4147262.0,3589904.5,32606.33
경기도,광명시,41210,202603,5015563.0,3939918.5,35359.25000000001
경기도,광명시,41210,202604,4692943.5,3562429.5,47384.45
경기도,광명시,41210,202605,5018478.5,4015445.0,57551.450000000004
경기도,광명시,41210,202606,4991833.0,3658154.5,52673.03999999999
경기도,광주시,41610,202601,6421730.0,3566612.0,42105.18
경기도,광주시,41610,202602,5672047.5,3680355.0,39032.89000000001
경기도,광주시,41610,202603,6864858.0,4276958.0,41472.02
경기도,광주시,41610,202604,6457885.0,3716615.0,55228.19999999999
경기도,광주시,41610,202605,7288526.0,4261547.5,57146.68000000001
경기도,광주시,41610,202606,7431158.0,3959532.5,59152.47
경기도,구리시,41310,202601,4263105.0,3871990.5,13374.039999999999
경기도,구리시,41310,202602,3807317.5,3814660.5,11518.1
경기도,구리시,41310,202603,4325013.0,4249745.5,14665.26
경기도,구리시,41310,202604,4041478.0,3747033.5,18323.16
경기도,구리시,41310,202605,4291434.0,4319014.0,18844.36
경기도,구리시,41310,202606,4304867.0,3869299.0,20296.53
경기도,군포시,41410,202601,4442245.5,2114679.0,21383.43
경기도,군포시,41410,202602,3968993.0,2056141.5,22584.770000000004
경기도,군포시,41410,202603,4647044.5,2403551.5,23958.640000000003
경기도,군포시,41410,202604,4498210.5,2245925.5,31713.249999999996
경기도,군포시,41410,202605,4715973.5,2287792.5,33895.09
경기도,군포시,41410,202606,4658090.5,2093850.5,32780.53
경기도,김포시,41570,202601,9082423.0,4083688.0,134864.33000000002
경기도,김포시,41570,202602,8262002.0,4087667.5,127994.42
경기도,김포시,41570,202603,9875600.0,4760346.5,147983.11000000002
경기도,김포시,41570,202604,9466089.5,4133857.0,196383.96999999997
경기도,김포시,41570,202605,10061537.5,4725213.5,189692.37
경기도,김포시,41570,202606,10031619.5,4289127.5,181020.95000000004
경기도,남양주시,41360,202601,11659210.5,5383535.5,57388.46
경기도,남양주시,41360,202602,10518767.0,5553597.0,50820.81
경기도,남양주시,41360,202603,12119072.0,6330226.0,50062.85
경기도,남양주시,41360,202604,11515297.5,5719766.5,59509.96000000001
경기도,남양주시,41360,202605,12358213.0,6842391.5,63832.59
경기도,남양주시,41360,202606,12323759.0,5883794.0,65425.76
경기도,동두천시,41250,202601,1578041.5,747715.5,20253.71
경기도,동두천시,41250,202602,1416600.5,803530.0,36743.11
경기도,동두천시,41250,202603,1626086.0,896661.5,40383.63
경기도,동두천시,41250,202604,1543031.0,814870.0,44367.45000000001
경기도,동두천시,41250,202605,1665527.5,934587.5,37372.34
경기도,동두천시,41250,202606,1634104.5,796355.0,23822.9
경기도,부천시 소사구,41194,202601,2982773.5,2373997.5,26624.99
경기도,부천시 소사구,41194,202602,2663475.5,2296539.0,35678.75000000001
경기도,부천시 소사구,41194,202603,3139304.0,2839868.5,31263.639999999996
경기도,부천시 소사구,41194,202604,3036411.0,2380777.0,37478.689999999995
경기도,부천시 소사구,41194,202605,3269941.5,2648929.5,38059.89
경기도,부천시 소사구,41194,202606,3395875.0,2414331.5,33127.33
경기도,부천시 오정구,41196,202601,1877876.0,1668075.5,19006.339999999997
경기도,부천시 오정구,41196,202602,1651867.0,1618305.5,17537.15
경기도,부천시 오정구,41196,202603,1934691.5,1942626.0,19657.719999999998
경기도,부천시 오정구,41196,202604,1871250.5,1726669.0,25094.7
경기도,부천시 오정구,41196,202605,1955674.0,1811169.5,27795.319999999996
경기도,부천시 오정구,41196,202606,1983145.5,1595422.5,29576.87
경기도,부천시 원미구,41192,202601,7911697.5,5312125.0,41563.36
경기도,부천시 원미구,41192,202602,7101451.0,5052278.0,49234.450000000004
경기도,부천시 원미구,41192,202603,8315296.5,6222335.0,51384.55
경기도,부천시 원미구,41192,202604,8048663.0,5465243.0,69502.72999999998
경기도,부천시 원미구,41192,202605,8416954.0,6019128.5,67844.03
경기도,부천시 원미구,41192,202606,8407731.5,5551420.0,58360.47
경기도,성남시 분당구,41135,202601,11604747.0,7427773.5,66684.7
경기도,성남시 분당구,41135,202602,10117222.5,6698485.5,54590.76000000001
경기도,성남시 분당구,41135,202603,12027162.0,8708962.5,71754.02
경기도,성남시 분당구,41135,202604,11451174.0,7465762.5,92124.15
경기도,성남시 분당구,41135,202605,11915456.0,7864689.0,97983.77000000002
경기도,성남시 분당구,41135,202606,12156837.0,7796628.0,103646.18
경기도,성남시 수정구,41131,202601,3687397.0,3598878.5,32384.079999999998
경기도,성남시 수정구,41131,202602,3276080.5,3400470.5,36232.03999999999
경기도,성남시 수정구,41131,202603,4052433.0,4672647.0,42363.19
경기도,성남시 수정구,41131,202604,3856013.0,3845184.0,58833.850000000006
경기도,성남시 수정구,41131,202605,4191810.0,4058215.0,59375.17
경기도,성남시 수정구,41131,202606,4172623.0,3829171.5,51651.67999999999
경기도,성남시 중원구,41133,202601,2270912.0,2029454.0,29491.820000000003
경기도,성남시 중원구,41133,202602,2043293.0,1958180.0,20732.980000000003
경기도,성남시 중원구,41133,202603,2384368.0,2459583.0,30083.289999999994
경기도,성남시 중원구,41133,202604,2267279.0,2009490.0,62617.18
경기도,성남시 중원구,41133,202605,2473971.5,2223294.5,41501.24
경기도,성남시 중원구,41133,202606,2513616.0,2048063.5,44567.759999999995
경기도,수원시 권선구,41113,202601,4738261.5,4031716.5,34388.24
경기도,수원시 권선구,41113,202602,4294731.0,3922789.5,39339.22
경기도,수원시 권선구,41113,202603,5004475.0,4583075.0,38949.88
경기도,수원시 권선구,41113,202604,4851185.5,3967904.5,48017.55
경기도,수원시 권선구,41113,202605,5111718.5,4395898.5,51670.29
경기도,수원시 권선구,41113,202606,5208287.0,4080335.0,46131.89
경기도,수원시 영통구,41117,202601,6027353.5,4742615.5,46484.979999999996
경기도,수원시 영통구,41117,202602,5240840.5,4514765.5,38910.18000000001
경기도,수원시 영통구,41117,202603,6222594.0,6055357.0,56407.9
경기도,수원시 영통구,41117,202604,5928940.5,4927923.0,75027.15000000001
경기도,수원시 영통구,41117,202605,6359706.5,5230984.5,72521.41
경기도,수원시 영통구,41117,202606,6447556.5,5085598.0,63231.54
경기도,수원시 장안구,41111,202601,4572809.5,3645603.5,34928.67
경기도,수원시 장안구,41111,202602,4080335.0,3614880.5,35879.04000000001
경기도,수원시 장안구,41111,202603,4771553.5,4659361.0,42406.45999999999
경기도,수원시 장안구,41111,202604,4622632.0,3904001.5,57605.63999999999
경기도,수원시 장안구,41111,202605,5253062.5,4197476.5,62726.32
경기도,수원시 장안구,41111,202606,5122131.0,3772639.5,55304.96
경기도,수원시 팔달구,41115,202601,3737650.0,6107461.5,62928.43000000001
경기도,수원시 팔달구,41115,202602,3360266.0,5948600.0,69524.89
경기도,수원시 팔달구,41115,202603,3930038.0,7038993.5,83659.59000000001
경기도,수원시 팔달구,41115,202604,3745696.5,6398434.0,114322.37
경기도,수원시 팔달구,41115,202605,3979661.0,7076373.5,118009.51999999999
경기도,수원시 팔달구,41115,202606,3914183.0,6260810.5,99676.19
경기도,시흥시,41390,202601,6914365.5,4258009.0,77096.66
경기도,시흥시,41390,202602,6172971.0,4293285.5,88269.44
경기도,시흥시,41390,202603,7349261.5,5039482.0,85479.55000000002
경기도,시흥시,41390,202604,7112584.5,4463707.5,115986.56
경기도,시흥시,41390,202605,7720016.5,5147075.5,119533.40999999999
경기도,시흥시,41390,202606,7791087.5,4670998.5,106425.84
경기도,안산시 단원구,41273,202601,6102589.5,4357412.5,126108.28
경기도,안산시 단원구,41273,202602,5409628.0,4193847.0,128312.86
경기도,안산시 단원구,41273,202603,6357102.5,5133492.0,144870.00999999998
경기도,안산시 단원구,41273,202604,5996406.5,4438234.5,182796.95000000004
경기도,안산시 단원구,41273,202605,6449737.0,5076372.0,208975.44
경기도,안산시 단원구,41273,202606,6432006.0,4671208.5,181004.04
경기도,안산시 상록구,41271,202601,3900809.5,2278664.5,31849.89
경기도,안산시 상록구,41271,202602,3478531.0,2437221.5,34776.67
경기도,안산시 상록구,41271,202603,4105605.0,2950342.5,43009.2
경기도,안산시 상록구,41271,202604,3977046.5,2381645.0,53267.34
경기도,안산시 상록구,41271,202605,4431486.5,2675578.5,55329.6
경기도,안산시 상록구,41271,202606,4340280.0,2389765.0,46572.42
경기도,안성시,41550,202601,3692668.0,2602103.0,40875.53
경기도,안성시,41550,202602,3263970.5,2868190.5,36052.0
경기도,안성시,41550,202603,3829987.0,3539294.5,42783.689999999995
경기도,안성시,41550,202604,3608542.0,2904898.5,59107.37
경기도,안성시,41550,202605,4238139.5,3478069.0,67279.99
경기도,안성시,41550,202606,4243284.5,3120215.0,59562.42
경기도,안양시 동안구,41173,202601,5627786.5,3562412.0,24254.96
경기도,안양시 동안구,41173,202602,4927741.0,3256333.5,20453.920000000002
경기도,안양시 동안구,41173,202603,5838329.0,4151140.0,23790.049999999996
경기도,안양시 동안구,41173,202604,5426081.5,3491316.5,30752.989999999998
경기도,안양시 동안구,41173,202605,5880332.5,3924490.5,32319.28
경기도,안양시 동안구,41173,202606,5907233.5,3663012.5,29701.6
경기도,안양시 만안구,41171,202601,3634256.5,2386510.0,19515.329999999998
경기도,안양시 만안구,41171,202602,3305827.0,2462400.5,21823.39
경기도,안양시 만안구,41171,202603,3873803.5,3002408.5,24074.32
경기도,안양시 만안구,41171,202604,3652155.5,2539376.0,32030.289999999997
경기도,안양시 만안구,41171,202605,3920360.5,2787519.0,37529.369999999995
경기도,안양시 만안구,41171,202606,3878028.0,2585719.5,31431.28
경기도,양주시,41630,202601,4978200.5,2489557.0,26204.13
경기도,양주시,41630,202602,4499554.5,2636361.0,24434.850000000002
경기도,양주시,41630,202603,5254098.5,2965042.5,31656.58
경기도,양주시,41630,202604,4962447.0,2713249.0,47605.439999999995
경기도,양주시,41630,202605,5326765.5,3069874.5,49902.979999999996
경기도,양주시,41630,202606,5309258.5,2756092.5,45799.219999999994
경기도,양평군,41830,202601,2538497.5,1910363.0,24234.12
경기도,양평군,41830,202602,2311596.0,2149364.0,22950.52
경기도,양평군,41830,202603,2680461.0,2186607.5,16650.210000000003
경기도,양평군,41830,202604,2591403.5,2406659.5,29492.859999999993
경기도,양평군,41830,202605,2740958.5,2904030.5,34362.409999999996
경기도,양평군,41830,202606,2702724.5,2408917.0,26766.93999999999
경기도,여주시,41670,202601,2467916.5,1515766.0,22378.91
경기도,여주시,41670,202602,2265434.5,1839614.0,21209.79
경기도,여주시,41670,202603,2660024.5,2024214.5,35023.56
경기도,여주시,41670,202604,2628864.0,2085328.0,75084.20999999999
경기도,여주시,41670,202605,2755200.0,2494702.0,85309.42
경기도,여주시,41670,202606,2714033.0,2004233.0,63879.55
경기도,연천군,41800,202601,686091.0,582736.0,5025.7
경기도,연천군,41800,202602,602833.0,666204.0,4700.92
경기도,연천군,41800,202603,743186.5,813309.0,7812.680000000001
경기도,연천군,41800,202604,706783.0,735290.5,13385.240000000002
경기도,연천군,41800,202605,860681.5,954555.0,17296.57
경기도,연천군,41800,202606,828089.5,796572.0,13607.689999999999
경기도,오산시,41370,202601,4294342.5,2509181.5,28475.769999999997
경기도,오산시,41370,202602,3891202.0,2442846.0,29563.429999999997
경기도,오산시,41370,202603,4548607.0,2981356.0,27581.699999999997
경기도,오산시,41370,202604,4342317.0,2580746.0,34621.83
경기도,오산시,41370,202605,4640387.5,2960527.5,39494.12999999999
경기도,오산시,41370,202606,4588433.5,2668288.0,35529.64
경기도,용인시 기흥구,41463,202601,7349548.5,4822485.5,48255.59999999999
경기도,용인시 기흥구,41463,202602,6488324.5,4617679.5,46580.270000000004
경기도,용인시 기흥구,41463,202603,7741380.5,5872842.5,65721.03
경기도,용인시 기흥구,41463,202604,7409402.0,4946522.0,86159.15999999999
경기도,용인시 기흥구,41463,202605,7836923.5,5563393.5,81482.27
경기도,용인시 기흥구,41463,202606,7848330.0,5008258.5,73965.68999999999
경기도,용인시 수지구,41465,202601,5710110.0,3050194.0,30359.920000000002
경기도,용인시 수지구,41465,202602,5032468.0,2899190.0,25533.37
경기도,용인시 수지구,41465,202603,5969281.5,3646737.5,32849.71
경기도,용인시 수지구,41465,202604,5747693.0,2950843.0,41071.34
경기도,용인시 수지구,41465,202605,6073501.0,3376226.0,43748.479999999996
경기도,용인시 수지구,41465,202606,6109152.0,3042277.0,44059.259999999995
경기도,용인시 처인구,41461,202601,5203257.5,3753631.0,60171.58000000001
경기도,용인시 처인구,41461,202602,4552915.5,3966777.5,57485.05999999999
경기도,용인시 처인구,41461,202603,5523301.0,5299570.5,67767.88
경기도,용인시 처인구,41461,202604,5180304.5,4361199.5,98063.47000000002
경기도,용인시 처인구,41461,202605,5895036.0,5011279.0,88010.59000000001
경기도,용인시 처인구,41461,202606,6034280.0,4565032.5,83054.23999999999
경기도,의왕시,41430,202601,2204097.0,2383258.5,18992.56
경기도,의왕시,41430,202602,1929410.0,2327717.0,15730.820000000002
경기도,의왕시,41430,202603,2295660.5,2753037.0,15294.91
경기도,의왕시,41430,202604,2207887.5,2524613.0,20230.309999999998
경기도,의왕시,41430,202605,2404013.5,2816523.5,22380.48
경기도,의왕시,41430,202606,2427327.0,2531109.0,24843.319999999996
경기도,의정부시,41150,202601,7826045.5,3581385.5,23832.75
경기도,의정부시,41150,202602,7009254.0,3583464.5,25014.260000000002
경기도,의정부시,41150,202603,8005403.0,4096778.0,32579.410000000003
경기도,의정부시,41150,202604,7535146.5,3431669.5,39105.7
경기도,의정부시,41150,202605,8264581.5,4019995.0,40621.83
경기도,의정부시,41150,202606,8147678.0,3608808.0,35234.090000000004
경기도,이천시,41500,202601,4263773.5,2853872.0,39579.15
경기도,이천시,41500,202602,3756550.0,3024591.5,39430.86
경기도,이천시,41500,202603,4500814.5,3561642.0,39991.45
경기도,이천시,41500,202604,4253742.5,2965053.0,66372.94
경기도,이천시,41500,202605,4848819.5,3309442.5,68857.03
경기도,이천시,41500,202606,4943883.0,3136441.0,58630.25
경기도,파주시,41480,202601,7279489.0,4058677.0,73836.46000000002
경기도,파주시,41480,202602,6569591.0,4335348.5,69982.6
경기도,파주시,41480,202603,7715641.5,4937740.5,108941.39000000001
경기도,파주시,41480,202604,7340123.0,4277857.5,156211.84
경기도,파주시,41480,202605,8199705.5,4922347.5,151806.24000000002
경기도,파주시,41480,202606,8270132.5,4324152.0,136670.64
경기도,평택시,41220,202601,10500056.0,4401820.5,259045.59999999998
경기도,평택시,41220,202602,9381200.5,4330543.0,209459.75000000003
경기도,평택시,41220,202603,11156617.5,5167960.0,243182.5
경기도,평택시,41220,202604,10930479.0,4720373.0,313865.61999999994
경기도,평택시,41220,202605,11309588.5,5050426.5,392877.2
경기도,평택시,41220,202606,11447887.5,4621463.0,391024.07000000007
경기도,포천시,41650,202601,2604710.5,1933760.5,29744.840000000004
경기도,포천시,41650,202602,2254724.5,1955912.0,29306.649999999994
경기도,포천시,41650,202603,2817944.5,2598358.0,37941.49999999999
경기도,포천시,41650,202604,2533300.0,2330895.0,52371.93
경기도,포천시,41650,202605,2882320.0,2897685.0,52287.44
경기도,포천시,41650,202606,2941925.0,2455376.0,46826.82
경기도,하남시,41450,202601,5977443.5,4708011.0,24184.809999999998
경기도,하남시,41450,202602,5376227.5,4726151.5,20920.61
경기도,하남시,41450,202603,6268157.0,5181099.0,21559.949999999997
경기도,하남시,41450,202604,6138174.0,4766426.0,28881.959999999995
경기도,하남시,41450,202605,6379033.5,5361237.0,31699.040000000005
경기도,하남시,41450,202606,6344814.0,4629012.5,32143.449999999997
경기도,화성시 동탄구,41597,202602,5844482.0,3303849.5,35405.45999999999
경기도,화성시 동탄구,41597,202603,6897604.0,4156883.5,39435.299999999996
경기도,화성시 동탄구,41597,202604,6550040.0,3436576.5,52315.31
경기도,화성시 동탄구,41597,202605,6996885.0,3813397.0,54497.43
경기도,화성시 동탄구,41597,202606,7370723.5,3785092.5,55492.21000000001
경기도,화성시 만세구,41591,202602,4404669.5,3255150.5,89539.52000000002
경기도,화성시 만세구,41591,202603,5285686.0,3892605.5,99237.72
경기도,화성시 만세구,41591,202604,4973258.5,3456225.5,120849.82999999999
경기도,화성시 만세구,41591,202605,5311414.5,3894656.5,138277.42
경기도,화성시 만세구,41591,202606,5559687.0,3684478.0,147409.72000000003
경기도,화성시 병점구,41595,202602,825944.0,1438118.5,16972.489999999998
경기도,화성시 병점구,41595,202603,965660.5,1905302.0,21718.97
경기도,화성시 병점구,41595,202604,960491.0,1500065.0,26990.04
경기도,화성시 병점구,41595,202605,1052054.5,1659238.0,23652.57
경기도,화성시 병점구,41595,202606,1221727.5,1620360.0,22279.97
경기도,화성시 효행구,41593,202602,1707506.5,1925679.0,22066.92
경기도,화성시 효행구,41593,202603,1971224.5,2467409.0,25338.120000000003
경기도,화성시 효행구,41593,202604,1893587.5,2056078.5,34475.38
경기도,화성시 효행구,41593,202605,2114994.0,2340159.5,34934.59
경기도,화성시 효행구,41593,202606,2175001.5,2170913.5,31937.02
경상남도,거제시,48310,202601,7457912.0,1820581.0,161490.18
경상남도,거제시,48310,202602,6751192.0,1830276.0,139948.54
경상남도,거제시,48310,202603,7588059.5,1818449.5,163173.69
경상남도,거제시,48310,202604,7276885.0,1644153.0,185562.8
경상남도,거제시,48310,202605,7594265.0,2116387.0,233082.71000000002
경상남도,거제시,48310,202606,7512925.0,1821291.5,239803.01
경상남도,거창군,48880,202601,1185068.5,470463.0,8450.15
경상남도,거창군,48880,202602,1068522.0,534782.5,5522.619999999999
경상남도,거창군,48880,202603,1238261.5,475772.5,4365.379999999999
경상남도,거창군,48880,202604,1208490.5,529823.0,8493.53
경상남도,거창군,48880,202605,1289176.0,641886.0,12791.1
경상남도,거창군,48880,202606,1263461.5,471950.5,11861.75
경상남도,고성군,48820,202601,869561.0,733421.5,12466.54
경상남도,고성군,48820,202602,776160.0,833087.5,8785.11
경상남도,고성군,48820,202603,906150.0,850787.0,10318.75
경상남도,고성군,48820,202604,876641.5,851490.5,13475.399999999998
경상남도,고성군,48820,202605,931420.0,1036371.0,14257.64
경상남도,고성군,48820,202606,925085.0,863670.5,14540.989999999998
경상남도,김해시,48250,202601,9876419.0,3822402.5,84552.77000000002
경상남도,김해시,48250,202602,8861972.0,3871070.0,81252.73
경상남도,김해시,48250,202603,10178728.0,4201442.0,99498.93000000001
경상남도,김해시,48250,202604,9808004.5,3724945.0,114722.71999999999
경상남도,김해시,48250,202605,10278740.5,4284609.0,123554.13000000002
경상남도,김해시,48250,202606,10155236.0,3756536.0,124649.59000000001
경상남도,남해군,48840,202601,804685.0,615615.0,36111.490000000005
경상남도,남해군,48840,202602,717832.5,704207.0,29570.629999999997
경상남도,남해군,48840,202603,839671.0,661370.5,31900.770000000004
경상남도,남해군,48840,202604,829780.0,728854.0,38490.93
경상남도,남해군,48840,202605,881188.0,922635.0,50732.48
경상남도,남해군,48840,202606,863537.5,684719.0,40695.95
경상남도,밀양시,48270,202601,2034018.0,1087555.0,34623.66
경상남도,밀양시,48270,202602,1838949.0,1292301.5,29797.199999999997
경상남도,밀양시,48270,202603,2102229.5,1334648.0,31668.17
경상남도,밀양시,48270,202604,2038687.0,1282172.5,39645.759999999995
경상남도,밀양시,48270,202605,2170752.5,1579137.0,37647.810000000005
경상남도,밀양시,48270,202606,2117542.0,1176248.5,23948.519999999997
경상남도,사천시,48240,202601,1914346.0,1150730.0,9922.91
경상남도,사천시,48240,202602,1698795.0,1228832.5,8331.839999999998
경상남도,사천시,48240,202603,1980097.0,1231188.0,10133.109999999999
경상남도,사천시,48240,202604,1904889.0,1235958.5,13314.18
경상남도,사천시,48240,202605,2001048.0,1401011.5,14103.920000000002
경상남도,사천시,48240,202606,1981255.5,1109633.0,16833.41
경상남도,산청군,48860,202601,515179.0,464968.0,10103.589999999998
경상남도,산청군,48860,202602,461440.0,544957.0,6279.8
경상남도,산청군,48860,202603,542136.0,511896.0,4964.79
경상남도,산청군,48860,202604,533309.0,649253.5,6627.2
경상남도,산청군,48860,202605,567854.0,787080.0,7818.75
경상남도,산청군,48860,202606,556703.0,569821.0,6091.86
경상남도,양산시,48330,202601,6505026.5,2985136.0,39271.17
경상남도,양산시,48330,202602,5844678.0,3206745.5,41059.17
경상남도,양산시,48330,202603,6670118.0,3389319.5,39352.79
경상남도,양산시,48330,202604,6373300.5,2837240.0,52061.13999999999
경상남도,양산시,48330,202605,6727161.0,3327271.5,49117.45
경상남도,양산시,48330,202606,6647081.0,2867840.5,40514.34
경상남도,의령군,48720,202601,489699.0,295463.0,3094.82
경상남도,의령군,48720,202602,449081.5,365309.0,1919.09
경상남도,의령군,48720,202603,517881.0,354000.5,2325.64
경상남도,의령군,48720,202604,509649.0,427497.0,4284.69
경상남도,의령군,48720,202605,539910.0,473298.0,5656.21
경상남도,의령군,48720,202606,521927.0,363891.5,5506.700000000001
경상남도,진주시,48170,202601,5270965.0,1807025.5,22119.739999999998
경상남도,진주시,48170,202602,4717226.5,1963769.5,16966.49
경상남도,진주시,48170,202603,5437614.0,2192638.0,22106.45
경상남도,진주시,48170,202604,5209858.5,1771703.5,29636.820000000003
경상남도,진주시,48170,202605,5683160.0,2047794.0,33386.5
경상남도,진주시,48170,202606,5546009.0,1759394.0,26245.83
경상남도,창녕군,48740,202601,990059.0,785914.5,13747.24
경상남도,창녕군,48740,202602,893749.5,866400.5,10574.95
경상남도,창녕군,48740,202603,1060363.5,891180.5,16575.420000000002
경상남도,창녕군,48740,202604,1022381.5,1030788.5,24538.260000000002
경상남도,창녕군,48740,202605,1076502.0,1038905.0,32272.66
경상남도,창녕군,48740,202606,1068868.5,797979.0,21674.869999999995
경상남도,창원시 마산합포구,48125,202601,3338349.0,2002808.5,98966.99
경상남도,창원시 마산합포구,48125,202602,3039613.5,2046817.5,61677.17
경상남도,창원시 마산합포구,48125,202603,3421778.5,2206477.0,66458.04
경상남도,창원시 마산합포구,48125,202604,3222369.5,1889048.0,85086.73
경상남도,창원시 마산합포구,48125,202605,3486455.0,2306654.0,125014.3
경상남도,창원시 마산합포구,48125,202606,3418135.0,1926589.0,105909.61000000002
경상남도,창원시 마산회원구,48127,202601,2870612.5,1766212.0,12293.099999999999
경상남도,창원시 마산회원구,48127,202602,2599565.5,1802689.0,9876.219999999998
경상남도,창원시 마산회원구,48127,202603,2929860.5,2082185.0,11428.970000000001
경상남도,창원시 마산회원구,48127,202604,2759109.5,1745198.0,15984.34
경상남도,창원시 마산회원구,48127,202605,2993042.5,1999004.0,17108.41
경상남도,창원시 마산회원구,48127,202606,3007931.5,1773898.0,17460.229999999996
경상남도,창원시 성산구,48123,202601,5062550.5,2990081.5,95722.15
경상남도,창원시 성산구,48123,202602,4416538.0,2768374.0,68708.31000000001
경상남도,창원시 성산구,48123,202603,5203884.0,3204817.0,76692.12999999999
경상남도,창원시 성산구,48123,202604,4897693.5,2776221.0,95554.89
경상남도,창원시 성산구,48123,202605,5211696.0,3095592.5,116614.65999999999
경상남도,창원시 성산구,48123,202606,5199624.5,2855951.0,122531.73999999999
경상남도,창원시 의창구,48121,202601,4130749.0,2830926.0,18402.19
경상남도,창원시 의창구,48121,202602,3723496.0,2785030.5,15953.070000000002
경상남도,창원시 의창구,48121,202603,4238279.5,3139090.5,19468.43
경상남도,창원시 의창구,48121,202604,4036284.0,2825189.5,25320.56
경상남도,창원시 의창구,48121,202605,4297440.0,3134827.5,30640.010000000002
경상남도,창원시 의창구,48121,202606,4267511.5,2755732.0,24131.480000000003
경상남도,창원시 진해구,48129,202601,2758266.0,1482950.0,134859.12
경상남도,창원시 진해구,48129,202602,2460069.5,1458065.0,113041.88
경상남도,창원시 진해구,48129,202603,2885890.0,1860533.5,120102.91
경상남도,창원시 진해구,48129,202604,2753110.5,1701416.5,133333.15999999997
경상남도,창원시 진해구,48129,202605,2870133.0,1589952.0,152631.72
경상남도,창원시 진해구,48129,202606,2819911.5,1452391.5,177053.02000000002
경상남도,통영시,48220,202601,2361982.0,1319244.5,125494.18
경상남도,통영시,48220,202602,2098516.0,1285046.0,125295.37000000001
경상남도,통영시,48220,202603,2443234.5,1215917.5,145594.37
경상남도,통영시,48220,202604,2347495.5,1182695.5,162474.27000000005
경상남도,통영시,48220,202605,2466744.0,1537522.0,196628.48
경상남도,통영시,48220,202606,2405763.5,1190770.0,185676.24000000005
경상남도,하동군,48850,202601,570066.0,427962.5,7596.91
경상남도,하동군,48850,202602,524870.5,569653.0,5456.89
경상남도,하동군,48850,202603,608048.0,1017887.5,5800.52
경상남도,하동군,48850,202604,604537.5,761306.0,7481.7
경상남도,하동군,48850,202605,648224.5,754547.5,8794.56
경상남도,하동군,48850,202606,626283.0,546108.5,9411.17
경상남도,함안군,48730,202601,1081087.0,835145.5,12207.829999999998
경상남도,함안군,48730,202602,965188.0,898730.0,9048.539999999999
경상남도,함안군,48730,202603,1114802.5,964939.5,11442.45
경상남도,함안군,48730,202604,1092255.5,994045.5,15587.570000000002
경상남도,함안군,48730,202605,1190448.0,1266478.5,18480.57
경상남도,함안군,48730,202606,1212592.5,996275.0,16246.820000000002
경상남도,함양군,48870,202601,753371.5,570279.5,3117.7200000000003
경상남도,함양군,48870,202602,686983.5,660457.0,3195.7999999999997
경상남도,함양군,48870,202603,802452.0,513621.5,3974.1
경상남도,함양군,48870,202604,801346.0,584972.5,6324.93
경상남도,함양군,48870,202605,837641.0,873015.5,9730.67
경상남도,함양군,48870,202606,827638.0,625516.5,9060.16
경상남도,합천군,48890,202601,702327.5,417770.5,3019.81
경상남도,합천군,48890,202602,633139.5,537001.5,2234.01
경상남도,합천군,48890,202603,734566.0,487826.5,3924.67
경상남도,합천군,48890,202604,725553.5,596141.0,6206.6
경상남도,합천군,48890,202605,758093.0,853226.5,7975.919999999999
경상남도,합천군,48890,202606,744474.5,522189.5,7137.450000000001
경상북도,경산시,47290,202601,4225469.5,2315736.5,23714.78
경상북도,경산시,47290,202602,3741454.5,2459712.5,26196.11
경상북도,경산시,47290,202603,4408390.0,3527898.5,67084.66
경상북도,경산시,47290,202604,4231661.0,2288461.0,75279.90000000001
경상북도,경산시,47290,202605,4764753.0,2737518.0,83764.06
경상북도,경산시,47290,202606,4836118.0,2445999.5,46974.82
경상북도,경주시,47130,202601,5427114.0,3787574.0,65687.06000000001
경상북도,경주시,47130,202602,4893007.0,4080825.0,67821.95
경상북도,경주시,47130,202603,5678655.5,4040771.0,111229.94
경상북도,경주시,47130,202604,5467497.0,4369484.0,162604.57
경상북도,경주시,47130,202605,5878022.5,4696387.5,162012.88
경상북도,경주시,47130,202606,5739254.5,3749714.5,137839.97
경상북도,고령군,47830,202601,463711.5,428760.5,8263.689999999999
경상북도,고령군,47830,202602,414358.0,490588.0,7032.07
경상북도,고령군,47830,202603,494298.0,573562.5,9790.27
경상북도,고령군,47830,202604,479451.0,560717.5,14620.240000000002
경상북도,고령군,47830,202605,508315.5,610267.0,15159.800000000001
경상북도,고령군,47830,202606,516593.0,531734.0,13198.310000000001
경상북도,구미시,47190,202601,6804987.0,2170724.5,29709.049999999996
경상북도,구미시,47190,202602,6050317.0,2221485.0,26162.119999999995
경상북도,구미시,47190,202603,7028332.5,2529012.5,35465.15
경상북도,구미시,47190,202604,6727409.5,2082531.5,48959.189999999995
경상북도,구미시,47190,202605,7112815.5,2322922.0,59021.24999999999
경상북도,구미시,47190,202606,7058215.5,2142651.0,50622.33
경상북도,김천시,47150,202601,2491436.5,1118071.5,15167.86
경상북도,김천시,47150,202602,2232265.0,1288745.5,13591.14
경상북도,김천시,47150,202603,2611640.5,1318198.0,15315.490000000002
경상북도,김천시,47150,202604,2541126.0,1287979.0,25239.469999999998
경상북도,김천시,47150,202605,2696214.5,1440425.0,34121.01
경상북도,김천시,47150,202606,2663136.0,1248926.0,31859.460000000003
경상북도,문경시,47280,202601,1025892.0,792848.0,7935.209999999999
경상북도,문경시,47280,202602,934332.0,1041502.0,7313.94
경상북도,문경시,47280,202603,1084097.0,899549.0,9015.35
경상북도,문경시,47280,202604,1073023.0,955174.5,15947.29
경상북도,문경시,47280,202605,1161699.0,1267833.0,20258.42
경상북도,문경시,47280,202606,1150289.0,965716.5,19714.989999999998
경상북도,봉화군,47920,202601,310033.5,285589.5,1080.45
경상북도,봉화군,47920,202602,287154.0,353363.5,1085.41
경상북도,봉화군,47920,202603,358092.0,330767.5,3097.0099999999998
경상북도,봉화군,47920,202604,350616.0,340683.0,12110.57
경상북도,봉화군,47920,202605,395045.0,447216.0,24476.4
경상북도,봉화군,47920,202606,404285.0,357665.0,22961.789999999997
경상북도,상주시,47250,202601,1732850.0,993268.5,15713.94
경상북도,상주시,47250,202602,1560951.0,1206961.0,10262.229999999998
경상북도,상주시,47250,202603,1825232.5,1129604.0,13877.889999999998
경상북도,상주시,47250,202604,1779155.0,1071514.5,28618.579999999998
경상북도,상주시,47250,202605,1917961.5,1341791.5,55440.700000000004
경상북도,상주시,47250,202606,1915427.5,1148248.5,56707.759999999995
경상북도,성주군,47840,202601,800324.0,541695.0,17208.41
경상북도,성주군,47840,202602,717244.5,629468.0,26443.4
경상북도,성주군,47840,202603,829209.5,649344.5,44799.509999999995
경상북도,성주군,47840,202604,807600.5,630143.5,79588.09000000001
경상북도,성주군,47840,202605,869470.0,773209.5,73865.59999999999
경상북도,성주군,47840,202606,861472.5,611950.5,42269.34
경상북도,안동시,47170,202601,3613585.5,1295798.0,7916.97
경상북도,안동시,47170,202602,3221785.0,1458817.5,7101.01
경상북도,안동시,47170,202603,3764817.0,1562340.5,12271.98
경상북도,안동시,47170,202604,3662501.5,1410286.5,32383.789999999997
경상북도,안동시,47170,202605,3954104.0,1649592.0,63909.09
경상북도,안동시,47170,202606,3909122.0,1339677.5,50894.11
경상북도,영덕군,47770,202601,789911.5,863607.5,15835.299999999997
경상북도,영덕군,47770,202602,720993.0,835831.5,15377.749999999998
경상북도,영덕군,47770,202603,833122.5,721280.0,17355.019999999997
경상북도,영덕군,47770,202604,814649.5,722561.0,19537.980000000003
경상북도,영덕군,47770,202605,843195.5,961079.0,23401.34
경상북도,영덕군,47770,202606,835467.5,786779.0,19908.46
경상북도,영양군,47760,202601,229313.0,140112.0,1100.8200000000002
경상북도,영양군,47760,202602,215561.5,146426.0,1109.1999999999998
경상북도,영양군,47760,202603,249973.5,126574.0,1905.4199999999998
경상북도,영양군,47760,202604,253459.5,132433.0,7529.999999999999
경상북도,영양군,47760,202605,286632.5,181384.0,9269.910000000002
경상북도,영양군,47760,202606,285897.5,138628.0,9980.23
경상북도,영주시,47210,202601,2150823.5,672059.5,4236.44
경상북도,영주시,47210,202602,1944733.0,812199.5,3743.48
경상북도,영주시,47210,202603,2264881.5,765579.5,7295.179999999999
경상북도,영주시,47210,202604,2201412.5,706149.5,14536.509999999998
경상북도,영주시,47210,202605,2343656.0,888587.0,18747.82
경상북도,영주시,47210,202606,2302139.0,682136.0,13436.27
경상북도,영천시,47230,202601,1600046.0,951121.5,12278.01
경상북도,영천시,47230,202602,1437495.5,1173945.5,9741.53
경상북도,영천시,47230,202603,1683734.5,1144860.5,13810.510000000002
경상북도,영천시,47230,202604,1631315.0,1085493.5,21062.48
경상북도,영천시,47230,202605,1738824.5,1336835.5,27930.8
경상북도,영천시,47230,202606,1717390.5,1091499.5,25583.930000000004
경상북도,예천군,47900,202601,934619.0,481362.0,2596.6099999999997
경상북도,예천군,47900,202602,841340.5,579880.0,1733.44
경상북도,예천군,47900,202603,1026123.0,573282.5,3864.9199999999996
경상북도,예천군,47900,202604,987836.5,594538.0,9090.409999999998
경상북도,예천군,47900,202605,1068581.5,662760.0,13357.39
경상북도,예천군,47900,202606,1076771.5,558005.0,11634.53
경상북도,울릉군,47940,202601,151973.5,43123.5,23887.52
경상북도,울릉군,47940,202602,133637.0,64193.5,27656.170000000002
경상북도,울릉군,47940,202603,178650.5,116105.5,32424.44
경상북도,울릉군,47940,202604,174835.5,131806.5,40660.45
경상북도,울릉군,47940,202605,220486.0,176690.5,49361.54000000001
경상북도,울릉군,47940,202606,226338.0,137238.5,44340.01
경상북도,울진군,47930,202601,1119391.0,681611.0,14894.210000000003
경상북도,울진군,47930,202602,1011146.5,727867.0,14713.77
경상북도,울진군,47930,202603,1171912.0,653429.0,15296.990000000002
경상북도,울진군,47930,202604,1128179.5,591328.5,16667.18
경상북도,울진군,47930,202605,1182394.5,762279.0,19621.75
경상북도,울진군,47930,202606,1210888.0,640937.5,18043.329999999998
경상북도,의성군,47730,202601,808073.0,439470.5,2832.73
경상북도,의성군,47730,202602,730544.5,572862.5,2831.6
경상북도,의성군,47730,202603,860496.0,587692.0,4308.64
경상북도,의성군,47730,202604,852236.0,518521.5,9164.189999999999
경상북도,의성군,47730,202605,909548.5,670782.0,19007.7
경상북도,의성군,47730,202606,911305.5,540008.0,17828.92
경상북도,청도군,47820,202601,639079.0,732651.5,7504.299999999999
경상북도,청도군,47820,202602,580443.5,874310.5,4828.910000000001
경상북도,청도군,47820,202603,678786.5,888867.0,6114.32
경상북도,청도군,47820,202604,653600.5,813354.5,8395.57
경상북도,청도군,47820,202605,704105.5,982334.5,9974.689999999999
경상북도,청도군,47820,202606,701750.0,779817.5,8480.51
경상북도,청송군,47750,202601,458087.0,360314.5,2990.7999999999997
경상북도,청송군,47750,202602,408380.0,390502.0,2799.65
경상북도,청송군,47750,202603,486626.0,339423.0,2536.86
경상북도,청송군,47750,202604,474502.0,336021.0,12514.130000000001
경상북도,청송군,47750,202605,505781.5,436492.0,21600.690000000002
경상북도,청송군,47750,202606,506348.5,346010.0,18217.76
경상북도,칠곡군,47850,202601,1567475.0,1651552.0,20596.250000000004
경상북도,칠곡군,47850,202602,1410510.5,1755148.5,19112.849999999995
경상북도,칠곡군,47850,202603,1655566.5,1879969.0,25968.430000000004
경상북도,칠곡군,47850,202604,1584537.5,1813227.5,37567.35
경상북도,칠곡군,47850,202605,1703292.5,2083067.0,43974.12
경상북도,칠곡군,47850,202606,1720540.5,1863550.5,34230.229999999996
경상북도,포항시 남구,47111,202601,3773217.0,2538868.5,41818.32
경상북도,포항시 남구,47111,202602,3397037.0,2479799.0,46152.659999999996
경상북도,포항시 남구,47111,202603,3907844.5,2589604.5,56671.86
경상북도,포항시 남구,47111,202604,3750971.0,2403383.5,56427.44
경상북도,포항시 남구,47111,202605,4012543.5,2769333.0,56459.439999999995
경상북도,포항시 남구,47111,202606,3984883.0,2417446.5,50791.42
경상북도,포항시 북구,47113,202601,5398802.5,2613653.0,18275.68
경상북도,포항시 북구,47113,202602,4835943.0,2621041.5,17875.07
경상북도,포항시 북구,47113,202603,5537826.0,2631079.5,23130.140000000003
경상북도,포항시 북구,47113,202604,5300676.5,2335648.0,25113.23
경상북도,포항시 북구,47113,202605,5675736.5,2894059.0,31076.93
경상북도,포항시 북구,47113,202606,5628906.5,2486498.0,27700.19
광주광역시,광산구,29200,202601,7587853.0,4081546.0,34248.06
광주광역시,광산구,29200,202602,6648596.5,3959809.0,28987.680000000004
광주광역시,광산구,29200,202603,7782852.0,4550735.0,39648.979999999996
광주광역시,광산구,29200,202604,7379813.0,3863016.5,47263.939999999995
광주광역시,광산구,29200,202605,7852750.5,4386371.5,47843.369999999995
광주광역시,광산구,29200,202606,7861861.0,3982174.0,39563.810000000005
광주광역시,남구,29155,202601,1921727.5,1723869.0,7676.68
광주광역시,남구,29155,202602,1646183.0,1760388.0,6558.94
광주광역시,남구,29155,202603,1936147.5,1953654.5,8318.4
광주광역시,남구,29155,202604,1873371.5,1583991.5,10802.410000000002
광주광역시,남구,29155,202605,1981654.5,1781713.5,12022.77
광주광역시,남구,29155,202606,2025285.5,1622274.5,12904.57
광주광역시,동구,29110,202601,2303969.5,2829389.5,7255.69
광주광역시,동구,29110,202602,2024694.0,2735628.0,6588.320000000001
광주광역시,동구,29110,202603,2364187.0,3391731.0,9879.76
광주광역시,동구,29110,202604,2235670.5,2759221.5,13430.4
광주광역시,동구,29110,202605,2457787.5,3239379.5,14863.01
광주광역시,동구,29110,202606,2451820.0,2820783.0,12534.57
광주광역시,북구,29170,202601,7904949.5,4013201.5,19724.920000000002
광주광역시,북구,29170,202602,7008715.0,4057711.0,17473.88
광주광역시,북구,29170,202603,8124403.0,4838431.5,22109.17
광주광역시,북구,29170,202604,7726267.5,4109213.5,27695.449999999997
광주광역시,북구,29170,202605,8308475.0,4668657.0,30181.340000000004
광주광역시,북구,29170,202606,8282151.5,4164496.0,26239.35
광주광역시,서구,29140,202601,5665985.5,4648651.0,20708.489999999998
광주광역시,서구,29140,202602,5070737.0,4561427.5,16947.09
광주광역시,서구,29140,202603,5813846.5,5010740.0,19349.37
광주광역시,서구,29140,202604,5457819.5,4386889.5,26494.800000000003
광주광역시,서구,29140,202605,5807571.0,4924013.5,27382.850000000002
광주광역시,서구,29140,202606,5748127.0,4422575.5,26601.839999999997
대구광역시,군위군,27720,202601,331674.0,485516.5,4317.790000000001
대구광역시,군위군,27720,202602,300723.5,617442.0,3298.01
대구광역시,군위군,27720,202603,354480.0,594429.5,3629.8199999999997
대구광역시,군위군,27720,202604,351379.0,601191.5,6882.4299999999985
대구광역시,군위군,27720,202605,372704.5,758684.5,8606.06
대구광역시,군위군,27720,202606,371913.5,615527.5,8081.8
대구광역시,남구,27200,202601,1992595.5,2215937.5,11471.42
대구광역시,남구,27200,202602,1788031.0,2177276.5,11273.88
대구광역시,남구,27200,202603,2093430.5,2651736.5,14135.65
대구광역시,남구,27200,202604,2050545.0,2183723.5,17183.789999999997
대구광역시,남구,27200,202605,2255256.5,2473212.0,18221.85
대구광역시,남구,27200,202606,2251186.0,2226889.0,18360.52
대구광역시,달서구,27290,202601,9229524.5,4578427.0,34270.0
대구광역시,달서구,27290,202602,8200423.0,4582861.5,30172.73
대구광역시,달서구,27290,202603,9531774.0,5184518.5,41182.84
대구광역시,달서구,27290,202604,9179838.5,4369848.0,51219.12
대구광역시,달서구,27290,202605,9755095.0,4962996.5,55336.84
대구광역시,달서구,27290,202606,9735092.5,4372329.5,51390.35999999999
대구광역시,달성군,27710,202601,3646097.0,2471325.5,25347.94
대구광역시,달성군,27710,202602,3268076.0,2463555.5,23422.370000000003
대구광역시,달성군,27710,202603,3832286.5,2797329.5,31572.280000000006
대구광역시,달성군,27710,202604,3753813.0,2641999.5,43441.35
대구광역시,달성군,27710,202605,4000741.5,2845188.5,47605.61
대구광역시,달성군,27710,202606,4027849.0,2440637.5,40121.469999999994
대구광역시,동구,27140,202601,5722461.5,5449188.5,34654.4
대구광역시,동구,27140,202602,5106503.5,5524715.0,41546.38
대구광역시,동구,27140,202603,5902508.5,5900093.5,53777.189999999995
대구광역시,동구,27140,202604,5729178.0,5287173.5,59016.590000000004
대구광역시,동구,27140,202605,6033030.5,6139528.5,66582.88000000002
대구광역시,동구,27140,202606,6035498.0,5221653.5,66630.26
대구광역시,북구,27230,202601,7616913.5,4341431.5,22305.81
대구광역시,북구,27230,202602,6807248.0,4422565.0,22188.620000000003
대구광역시,북구,27230,202603,7837669.0,5132900.5,34414.47
대구광역시,북구,27230,202604,7467239.5,4076478.0,39332.23000000001
대구광역시,북구,27230,202605,7984616.5,4617763.5,42844.229999999996
대구광역시,북구,27230,202606,8033340.0,4268743.5,34839.590000000004
대구광역시,서구,27170,202601,1867362.0,1869479.5,8712.61
대구광역시,서구,27170,202602,1682341.5,1887410.0,9491.820000000002
대구광역시,서구,27170,202603,1962642.5,2001604.5,10698.51
대구광역시,서구,27170,202604,1870358.0,1761550.0,13383.65
대구광역시,서구,27170,202605,2003078.0,2009899.5,14788.439999999999
대구광역시,서구,27170,202606,2029016.5,1836495.5,14514.98
대구광역시,수성구,27260,202601,7409951.5,4251474.5,18604.980000000003
대구광역시,수성구,27260,202602,6574753.5,4167870.0,20092.1
대구광역시,수성구,27260,202603,7587562.5,4608163.0,24705.809999999998
대구광역시,수성구,27260,202604,7309015.0,4125908.5,31501.579999999998
대구광역시,수성구,27260,202605,7727730.5,4714909.5,38251.11
대구광역시,수성구,27260,202606,7698547.5,4211578.0,35475.65
대구광역시,중구,27110,202601,2557233.0,5760751.5,21607.83
대구광역시,중구,27110,202602,2312380.0,5529037.5,24145.559999999998
대구광역시,중구,27110,202603,2703354.5,6529876.5,32214.129999999997
대구광역시,중구,27110,202604,2545245.5,5723665.5,38368.38
대구광역시,중구,27110,202605,2782755.5,6594619.5,44818.159999999996
대구광역시,중구,27110,202606,2753068.5,5773533.5,41318.23
대전광역시,대덕구,30230,202601,2360634.5,2239790.0,13206.869999999997
대전광역시,대덕구,30230,202602,2134783.0,2242719.5,11550.400000000001
대전광역시,대덕구,30230,202603,2461508.0,2611017.5,19168.15
대전광역시,대덕구,30230,202604,2360267.0,2243090.5,21757.239999999994
대전광역시,대덕구,30230,202605,2512709.5,2469215.0,22499.19
대전광역시,대덕구,30230,202606,2532932.5,2286123.0,20192.08
대전광역시,동구,30110,202601,2663185.0,3476571.0,18526.64
대전광역시,동구,30110,202602,2359787.5,3504368.0,18025.909999999996
대전광역시,동구,30110,202603,2779752.5,4235490.0,32055.109999999997
대전광역시,동구,30110,202604,2755256.0,3546028.5,35730.31999999999
대전광역시,동구,30110,202605,3188678.5,3938294.5,36875.19
대전광역시,동구,30110,202606,3137032.5,3485002.5,29781.239999999998
대전광역시,서구,30170,202601,8302392.0,5465201.0,25491.320000000003
대전광역시,서구,30170,202602,7345716.0,5145854.0,24058.84
대전광역시,서구,30170,202603,8576151.5,6074750.5,34109.31
대전광역시,서구,30170,202604,8182125.0,5010817.0,35726.0
대전광역시,서구,30170,202605,8773296.0,5742191.0,38781.82000000001
대전광역시,서구,30170,202606,8823251.5,5182565.5,39413.61
대전광역시,유성구,30200,202601,7714073.5,5239437.0,33102.8
대전광역시,유성구,30200,202602,6675319.0,4961068.0,27573.770000000004
대전광역시,유성구,30200,202603,7972814.5,6333687.5,44290.35999999999
대전광역시,유성구,30200,202604,7502138.0,5062022.0,51503.62
대전광역시,유성구,30200,202605,8258904.5,5667249.0,55816.14000000001
대전광역시,유성구,30200,202606,8309654.5,5148391.5,52887.37999999999
대전광역시,중구,30140,202601,3830386.0,4026998.5,11637.76
대전광역시,중구,30140,202602,3392130.0,3924536.0,10185.830000000002
대전광역시,중구,30140,202603,3925229.0,4473528.5,14108.11
대전광역시,중구,30140,202604,3768807.0,3994844.0,15846.030000000002
대전광역시,중구,30140,202605,4010720.0,4514408.5,18207.339999999997
대전광역시,중구,30140,202606,3977498.0,4066825.0,17895.2
부산광역시,강서구,26440,202601,2938232.5,3826466.0,447630.06999999995
부산광역시,강서구,26440,202602,2547342.0,3608164.0,464277.36
부산광역시,강서구,26440,202603,3043974.5,3944601.5,544952.16
부산광역시,강서구,26440,202604,2907796.5,3721028.5,579511.4999999999
부산광역시,강서구,26440,202605,3075240.0,3825542.0,640400.11
부산광역시,강서구,26440,202606,3204012.0,3551933.0,712740.8500000001
부산광역시,금정구,26410,202601,3588567.5,2367795.5,23546.8
부산광역시,금정구,26410,202602,3170419.0,2499945.0,26582.469999999998
부산광역시,금정구,26410,202603,3689588.0,3078918.5,39963.81
부산광역시,금정구,26410,202604,3466883.0,2337527.5,49025.990000000005
부산광역시,금정구,26410,202605,3973907.0,2907219.0,59844.81
부산광역시,금정구,26410,202606,3886092.0,2443049.0,55880.55
부산광역시,기장군,26710,202601,3191748.0,3370468.5,108921.26
부산광역시,기장군,26710,202602,2879079.0,3503468.5,143828.71999999997
부산광역시,기장군,26710,202603,3285019.5,3419241.0,188664.68
부산광역시,기장군,26710,202604,3147739.0,3262759.5,227511.83999999997
부산광역시,기장군,26710,202605,3322823.0,4098104.5,253034.22999999998
부산광역시,기장군,26710,202606,3289394.5,3254639.5,259246.2
부산광역시,남구,26290,202601,4243214.5,2666688.5,127295.09
부산광역시,남구,26290,202602,3699797.5,2596058.5,153896.61000000002
부산광역시,남구,26290,202603,4232742.5,3241220.5,224524.33000000002
부산광역시,남구,26290,202604,4004108.5,2505835.5,249430.52
부산광역시,남구,26290,202605,4441080.0,2813044.5,272084.86
부산광역시,남구,26290,202606,4425071.0,2603391.0,275168.2
부산광역시,동구,26170,202601,1504055.0,3170233.5,140489.26
부산광역시,동구,26170,202602,1335428.5,3006195.5,172334.30000000002
부산광역시,동구,26170,202603,1567181.0,3201957.5,236842.82
부산광역시,동구,26170,202604,1471295.0,2991376.5,282746.17999999993
부산광역시,동구,26170,202605,1559838.0,3416490.0,317732.9600000001
부산광역시,동구,26170,202606,1586581.5,3153514.0,338246.85
부산광역시,동래구,26260,202601,4569449.5,3512554.5,15441.32
부산광역시,동래구,26260,202602,4054263.5,3405349.5,17148.21
부산광역시,동래구,26260,202603,4583159.0,3611181.0,25844.989999999998
부산광역시,동래구,26260,202604,4380866.0,3482220.0,29195.780000000002
부산광역시,동래구,26260,202605,4495928.5,3821114.5,32638.9
부산광역시,동래구,26260,202606,4478617.5,3456299.0,71130.65
부산광역시,부산진구,26230,202601,6674685.5,6543162.5,188707.99000000002
부산광역시,부산진구,26230,202602,5958477.0,6224575.0,240210.49000000002
부산광역시,부산진구,26230,202603,6696732.0,6622591.5,317003.13
부산광역시,부산진구,26230,202604,6321577.5,5772315.5,343387.02999999997
부산광역시,부산진구,26230,202605,6786930.5,6631887.5,384068.66000000003
부산광역시,부산진구,26230,202606,6676180.0,5829561.5,416950.9700000001
부산광역시,북구,26320,202601,4623874.5,2029258.0,13162.37
부산광역시,북구,26320,202602,4199944.0,2113699.0,13930.12
부산광역시,북구,26320,202603,4744019.0,2161365.5,18409.550000000003
부산광역시,북구,26320,202604,4560563.0,2004817.5,24175.02
부산광역시,북구,26320,202605,4837574.0,2301537.0,24421.86
부산광역시,북구,26320,202606,4738443.5,1978578.0,27194.88
부산광역시,사상구,26530,202601,2732499.0,2316629.0,38167.17
부산광역시,사상구,26530,202602,2418010.0,2312275.0,44765.17
부산광역시,사상구,26530,202603,2867980.5,2792842.5,82459.82
부산광역시,사상구,26530,202604,2711530.5,2366206.5,94624.06
부산광역시,사상구,26530,202605,2907999.5,2541507.5,91507.08
부산광역시,사상구,26530,202606,2919850.5,2351954.5,73293.54
부산광역시,사하구,26380,202601,4583453.0,2001037.5,63784.25
부산광역시,사하구,26380,202602,4072512.5,2062616.5,74915.76999999999
부산광역시,사하구,26380,202603,4641595.0,2290389.5,105800.32
부산광역시,사하구,26380,202604,4442935.0,1882205.5,132465.84000000003
부산광역시,사하구,26380,202605,4720446.5,2246972.0,168797.17
부산광역시,사하구,26380,202606,4715837.0,1992210.5,152856.78
부산광역시,서구,26140,202601,1656550.0,1707982.5,129163.46000000002
부산광역시,서구,26140,202602,1517729.5,1728667.5,164788.45
부산광역시,서구,26140,202603,1712574.5,1925924.0,211206.34000000003
부산광역시,서구,26140,202604,1622057.5,1690293.5,273871.75
부산광역시,서구,26140,202605,1754700.5,1883420.0,290301.00999999995
부산광역시,서구,26140,202606,1754735.5,1737001.0,293336.21
부산광역시,수영구,26500,202601,3018575.0,3484589.5,94969.02
부산광역시,수영구,26500,202602,2685868.5,3376362.5,117133.26999999999
부산광역시,수영구,26500,202603,3126249.0,3459785.0,168858.78999999998
부산광역시,수영구,26500,202604,2989185.5,3177489.0,227033.21000000002
부산광역시,수영구,26500,202605,3223678.5,3795246.0,254471.29
부산광역시,수영구,26500,202606,3182098.5,3358530.0,288083.77999999997
부산광역시,연제구,26470,202601,2305292.5,2704957.5,24552.91
부산광역시,연제구,26470,202602,2006347.0,2585513.0,23779.399999999998
부산광역시,연제구,26470,202603,2256215.5,2832193.0,30758.6
부산광역시,연제구,26470,202604,2223049.5,2581285.0,43695.97
부산광역시,연제구,26470,202605,2354572.5,2782157.0,50203.229999999996
부산광역시,연제구,26470,202606,2354390.5,2830005.5,133626.47
부산광역시,영도구,26200,202601,1828144.5,1507600.5,161791.89999999997
부산광역시,영도구,26200,202602,1654324.0,1556366.0,199452.24
부산광역시,영도구,26200,202603,1910146.0,1683815.0,271715.1
부산광역시,영도구,26200,202604,1810060.0,1401081.5,282045.03
부산광역시,영도구,26200,202605,2019720.5,1771749.0,324774.58999999997
부산광역시,영도구,26200,202606,2009266.0,1570653.0,336973.15
부산광역시,중구,26110,202601,1222032.0,3316477.5,173092.29
부산광역시,중구,26110,202602,1099241.5,3206241.5,212895.33000000002
부산광역시,중구,26110,202603,1224170.5,3425422.0,312989.47
부산광역시,중구,26110,202604,1139579.0,3176096.0,340788.92
부산광역시,중구,26110,202605,1229074.0,3634400.0,379733.75
부산광역시,중구,26110,202606,1249178.0,3286447.5,389117.17
부산광역시,해운대구,26350,202601,7599077.5,6037584.0,265864.07
부산광역시,해운대구,26350,202602,6787210.5,5876416.0,349588.13
부산광역시,해운대구,26350,202603,7655266.5,5866066.5,444748.76
부산광역시,해운대구,26350,202604,7274116.5,5290295.5,572597.77
부산광역시,해운대구,26350,202605,7760266.5,6515691.0,637919.15
부산광역시,해운대구,26350,202606,7604033.5,5552571.5,726216.73
서울특별시,강남구,11680,202601,17117884.0,19514089.0,620576.47
서울특별시,강남구,11680,202602,14743627.5,16491576.5,578175.7899999999
서울특별시,강남구,11680,202603,17778698.0,20391297.5,769643.16
서울특별시,강남구,11680,202604,16364883.5,18120574.5,946416.79
서울특별시,강남구,11680,202605,16965224.5,18520113.5,1057067.01
서울특별시,강남구,11680,202606,17670516.5,19054997.5,1038978.5800000001
서울특별시,강동구,11740,202601,8869273.0,4645133.5,40923.87
서울특별시,강동구,11740,202602,7826490.0,4444562.5,41420.61000000001
서울특별시,강동구,11740,202603,9160697.0,5239794.0,57456.76
서울특별시,강동구,11740,202604,8711850.0,4506974.5,73141.76
서울특별시,강동구,11740,202605,9299395.0,4987391.5,66221.67000000001
서울특별시,강동구,11740,202606,9310217.0,4716376.0,64917.69
서울특별시,강북구,11305,202601,4191316.5,2759463.0,27024.300000000003
서울특별시,강북구,11305,202602,3705814.0,2776200.0,25456.900000000005
서울특별시,강북구,11305,202603,4231174.5,3198541.5,36457.68
서울특별시,강북구,11305,202604,3973119.5,2721022.5,50376.909999999996
서울특별시,강북구,11305,202605,4352145.0,3150448.0,50147.32
서울특별시,강북구,11305,202606,4259153.5,2781012.5,44672.67999999999
서울특별시,강서구,11500,202601,9137971.5,8081132.5,280018.97
서울특별시,강서구,11500,202602,8034194.0,7687078.0,290849.24
서울특별시,강서구,11500,202603,9617937.0,8934215.5,386048.3
서울특별시,강서구,11500,202604,9127359.5,7738409.0,445041.52999999997
서울특별시,강서구,11500,202605,9851404.5,8386304.5,462492.0800000001
서울특별시,강서구,11500,202606,10091805.5,7881149.5,481660.69
서울특별시,관악구,11620,202601,7427948.5,5614749.0,64039.560000000005
서울특별시,관악구,11620,202602,6533362.5,5450305.0,63498.49
서울특별시,관악구,11620,202603,7814348.5,6865365.5,88963.28000000001
서울특별시,관악구,11620,202604,7490332.5,5619159.0,121320.56
서울특별시,관악구,11620,202605,8170445.5,6415377.5,117572.68999999997
서울특별시,관악구,11620,202606,8301394.5,6055931.0,111866.49000000002
서울특별시,광진구,11215,202601,6452684.0,5917184.0,108110.53999999998
서울특별시,광진구,11215,202602,5721079.0,5702242.0,104539.64000000001
서울특별시,광진구,11215,202603,6835979.5,7439390.0,162683.66999999998
서울특별시,광진구,11215,202604,6411167.0,6367354.0,198434.48
서울특별시,광진구,11215,202605,7187901.0,7045108.0,189203.30000000002
서울특별시,광진구,11215,202606,7071326.5,6171382.0,177482.84
서울특별시,구로구,11530,202601,5959859.5,5746622.0,93890.44
서울특별시,구로구,11530,202602,5221058.5,5209585.5,115897.22
서울특별시,구로구,11530,202603,6182333.5,6054170.5,113270.93000000002
서울특별시,구로구,11530,202604,5859707.0,5402964.0,145725.63999999998
서울특별시,구로구,11530,202605,6235096.0,5783648.5,157566.98
서울특별시,구로구,11530,202606,6324503.5,5426914.5,138978.14
서울특별시,금천구,11545,202601,2876016.5,2461406.5,53466.869999999995
서울특별시,금천구,11545,202602,2536474.5,2410376.5,64832.67999999999
서울특별시,금천구,11545,202603,3003343.0,2879166.5,62764.64
서울특별시,금천구,11545,202604,2925247.5,2607171.0,80730.17000000001
서울특별시,금천구,11545,202605,3081883.0,2696256.5,80470.23000000001
서울특별시,금천구,11545,202606,3140865.0,2700288.5,72726.59
서울특별시,노원구,11350,202601,9206865.5,4942353.5,32829.16
서울특별시,노원구,11350,202602,8210090.0,4954691.0,30316.12
서울특별시,노원구,11350,202603,9450378.0,6108343.5,36773.189999999995
서울특별시,노원구,11350,202604,9025054.5,4923030.0,44388.52
서울특별시,노원구,11350,202605,9791715.5,5505160.5,46345.280000000006
서울특별시,노원구,11350,202606,9570603.0,5086956.0,40662.84
서울특별시,도봉구,11320,202601,4253340.0,2664336.5,14614.380000000001
서울특별시,도봉구,11320,202602,3808203.0,2724151.5,13819.640000000003
서울특별시,도봉구,11320,202603,4492064.5,3328374.0,19093.32
서울특별시,도봉구,11320,202604,4273437.0,2790431.0,25920.57
서울특별시,도봉구,11320,202605,4594415.0,3155299.0,25442.940000000002
서울특별시,도봉구,11320,202606,4550959.0,2847369.0,22402.46
서울특별시,동대문구,11230,202601,5419197.0,4577069.0,102880.14000000001
서울특별시,동대문구,11230,202602,4828313.0,4572400.0,94495.87
서울특별시,동대문구,11230,202603,5760296.5,6191391.5,155766.71
서울특별시,동대문구,11230,202604,5360565.0,4684830.5,190578.52
서울특별시,동대문구,11230,202605,6105760.5,5141923.5,196922.0
서울특별시,동대문구,11230,202606,6047688.5,4745849.5,162480.40000000002
서울특별시,동작구,11590,202601,5503995.0,5752582.5,67768.61000000002
서울특별시,동작구,11590,202602,4814085.5,5294303.0,69787.5
서울특별시,동작구,11590,202603,5685200.5,6296839.5,94275.01
서울특별시,동작구,11590,202604,5382930.0,5301229.5,122433.59
서울특별시,동작구,11590,202605,5995829.0,5653553.5,120187.72999999998
서울특별시,동작구,11590,202606,5945432.5,5426925.0,109905.64
서울특별시,마포구,11440,202601,7573937.0,9922500.0,698152.6499999999
서울특별시,마포구,11440,202602,6650014.0,9335774.0,694624.3600000001
서울특별시,마포구,11440,202603,7905621.5,11178818.0,870592.52
서울특별시,마포구,11440,202604,7329773.5,10194061.5,1126136.8900000001
서울특별시,마포구,11440,202605,7893525.5,10976476.0,1130156.42
서울특별시,마포구,11440,202606,8061984.0,10144984.5,1096262.25
서울특별시,서대문구,11410,202601,4899695.5,7247509.5,223194.06
서울특별시,서대문구,11410,202602,4214553.0,6660493.0,210256.56000000003
서울특별시,서대문구,11410,202603,5074006.0,9267107.5,293464.29
서울특별시,서대문구,11410,202604,4764651.5,7333679.5,387445.62999999995
서울특별시,서대문구,11410,202605,5500887.0,7840133.0,371799.83999999997
서울특별시,서대문구,11410,202606,5548711.0,7596001.0,346307.44
서울특별시,서초구,11650,202601,11131519.0,16144880.5,268602.31
서울특별시,서초구,11650,202602,9699067.0,14397656.0,245653.59
서울특별시,서초구,11650,202603,11663165.5,17253659.5,337598.86000000004
서울특별시,서초구,11650,202604,10768292.5,15409947.0,425543.43
서울특별시,서초구,11650,202605,11472870.5,16166906.0,452813.88999999996
서울특별시,서초구,11650,202606,11828978.0,15971917.5,475728.63999999996
서울특별시,성동구,11200,202601,5426025.5,6147347.5,327694.13
서울특별시,성동구,11200,202602,4715301.5,5825123.5,342048.23
서울특별시,성동구,11200,202603,5623310.0,7576954.0,465024.17999999993
서울특별시,성동구,11200,202604,5283848.5,6405763.0,535027.9099999999
서울특별시,성동구,11200,202605,5839400.0,7343962.5,585476.27
서울특별시,성동구,11200,202606,5884623.5,7186123.0,577696.79
서울특별시,성북구,11290,202601,7668024.0,4607249.5,76308.02
서울특별시,성북구,11290,202602,6773354.0,4630230.5,63282.49
서울특별시,성북구,11290,202603,7901330.5,6592750.5,113238.77
서울특별시,성북구,11290,202604,7626930.5,5019525.0,139730.41999999998
서울특별시,성북구,11290,202605,8519234.5,5543527.5,135811.33
서울특별시,성북구,11290,202606,8324032.5,4973311.0,116223.85000000002
서울특별시,송파구,11710,202601,13735697.5,11062128.0,213677.09999999998
서울특별시,송파구,11710,202602,12165104.0,10146860.5,204809.09000000003
서울특별시,송파구,11710,202603,14278134.5,11907262.5,281953.2
서울특별시,송파구,11710,202604,13616981.0,11493104.0,380324.01999999996
서울특별시,송파구,11710,202605,14614159.0,11909709.0,328734.93
서울특별시,송파구,11710,202606,14680851.5,12136838.0,335761.61000000004
서울특별시,양천구,11470,202601,5405683.5,3418268.0,36307.63
서울특별시,양천구,11470,202602,4830430.5,3321167.5,36306.93
서울특별시,양천구,11470,202603,5693089.5,3944664.5,39944.92
서울특별시,양천구,11470,202604,5424440.0,3350812.5,52840.79
서울특별시,양천구,11470,202605,5740861.0,3586152.5,54541.94
서울특별시,양천구,11470,202606,5694857.0,3366440.0,57416.70999999999
서울특별시,영등포구,11560,202601,8816248.0,9691269.0,258278.02000000005
서울특별시,영등포구,11560,202602,7628372.5,8794971.5,279334.47000000003
서울특별시,영등포구,11560,202603,9252295.5,10886123.5,337062.56
서울특별시,영등포구,11560,202604,8723127.0,10410232.0,496682.52
서울특별시,영등포구,11560,202605,9029912.5,10602697.0,481610.3300000001
서울특별시,영등포구,11560,202606,9469117.0,10324968.5,459647.07000000007
서울특별시,용산구,11170,202601,4905873.0,9305635.5,539076.75
서울특별시,용산구,11170,202602,4323658.5,8920866.5,528784.8300000001
서울특별시,용산구,11170,202603,5142070.5,10501456.0,736776.8
서울특별시,용산구,11170,202604,4834497.5,9860252.5,911312.6300000001
서울특별시,용산구,11170,202605,5163298.0,10949676.5,971230.89
서울특별시,용산구,11170,202606,5217387.0,10067529.5,971711.06
서울특별시,은평구,11380,202601,5464266.5,3040719.5,49832.30999999999
서울특별시,은평구,11380,202602,4784790.5,2976480.5,45684.58
서울특별시,은평구,11380,202603,5626950.0,3486924.0,63348.43
서울특별시,은평구,11380,202604,5375391.0,2964731.0,100678.29999999999
서울특별시,은평구,11380,202605,5662181.0,3328692.5,90180.81
서울특별시,은평구,11380,202606,5713942.5,2974419.0,79283.85
서울특별시,종로구,11110,202601,4771473.0,11556174.0,732419.2200000001
서울특별시,종로구,11110,202602,4193980.0,11029070.5,760429.7000000001
서울특별시,종로구,11110,202603,5092545.5,14714581.0,1020403.3699999999
서울특별시,종로구,11110,202604,4615632.0,12604980.5,1227026.5000000002
서울특별시,종로구,11110,202605,5090232.0,13811875.0,1326544.79
서울특별시,종로구,11110,202606,5288311.0,12687580.5,1251652.98
서울특별시,중구,11140,202601,4228098.0,12068955.5,1634207.38
서울특별시,중구,11140,202602,3640966.0,11021521.0,1676293.2800000003
서울특별시,중구,11140,202603,4430251.0,13062427.0,2009779.0199999998
서울특별시,중구,11140,202604,3915551.5,11979660.0,2302179.5100000002
서울특별시,중구,11140,202605,4228759.5,12701563.0,2503515.5500000003
서울특별시,중구,11140,202606,4548187.0,12375394.5,2448802.53
서울특별시,중랑구,11260,202601,5374201.0,2986557.0,28058.179999999997
서울특별시,중랑구,11260,202602,4825012.5,2979371.5,24720.159999999993
서울특별시,중랑구,11260,202603,5574597.0,3463411.0,31187.63
서울특별시,중랑구,11260,202604,5297957.0,2923991.0,42168.94
서울특별시,중랑구,11260,202605,5724176.5,3558618.0,44544.399999999994
서울특별시,중랑구,11260,202606,5706715.0,2993098.5,40955.7
세종특별자치시,세종특별자치시,36110,202601,6801081.0,2701804.0,27591.649999999998
세종특별자치시,세종특별자치시,36110,202602,6035127.0,2671441.5,27309.35
세종특별자치시,세종특별자치시,36110,202603,7100747.5,3263337.0,37936.38
세종특별자치시,세종특별자치시,36110,202604,6826088.5,2662037.0,46559.450000000004
세종특별자치시,세종특별자치시,36110,202605,7348890.5,3017007.0,48815.22
세종특별자치시,세종특별자치시,36110,202606,7363443.5,2712962.0,43218.71
울산광역시,남구,31140,202601,6441410.5,4017888.0,93037.26
울산광역시,남구,31140,202602,5685900.5,3730139.0,86437.73999999999
울산광역시,남구,31140,202603,6551944.0,4314905.0,89327.17
울산광역시,남구,31140,202604,6214208.0,3744821.5,102666.70999999999
울산광역시,남구,31140,202605,6668025.0,4219908.0,114544.98999999999
울산광역시,남구,31140,202606,6581967.0,3896721.5,142738.7
울산광역시,동구,31170,202601,2816618.0,1059509.5,99984.54000000001
울산광역시,동구,31170,202602,2452950.5,1022682.5,76325.09000000001
울산광역시,동구,31170,202603,2878890.0,1200790.5,81614.68999999997
울산광역시,동구,31170,202604,2738169.0,1052030.0,90962.38
울산광역시,동구,31170,202605,2895963.0,1217671.0,97586.18
울산광역시,동구,31170,202606,2943899.0,1114494.5,118674.34
울산광역시,북구,31200,202601,3624470.5,2023350.0,117837.58
울산광역시,북구,31200,202602,3148351.5,1927474.5,100878.99
울산광역시,북구,31200,202603,3670082.5,2176461.0,124374.53
울산광역시,북구,31200,202604,3396148.0,1875874.0,121602.45
울산광역시,북구,31200,202605,3650671.5,2241837.5,143425.32
울산광역시,북구,31200,202606,3688884.5,2047444.0,165646.49000000002
울산광역시,울주군,31710,202601,4219208.0,3003304.5,64813.86
울산광역시,울주군,31710,202602,3726075.5,2998436.0,62377.579999999994
울산광역시,울주군,31710,202603,4368238.0,3407054.0,67254.56
울산광역시,울주군,31710,202604,4110298.5,3011067.5,79943.14000000001
울산광역시,울주군,31710,202605,4395384.0,3336095.0,88849.07
울산광역시,울주군,31710,202606,4447282.0,3014273.5,89186.02
울산광역시,중구,31110,202601,3297819.0,1914027.5,9140.09
울산광역시,중구,31110,202602,2953832.0,1868363.0,9306.279999999999
울산광역시,중구,31110,202603,3379680.5,2010890.0,9204.810000000001
울산광역시,중구,31110,202604,3209094.0,1854779.5,11130.25
울산광역시,중구,31110,202605,3405314.5,2148282.5,14541.779999999999
울산광역시,중구,31110,202606,3399522.0,1857632.0,15625.84
인천광역시,강화군,28710,202601,1423401.0,1179360.0,24609.329999999998
인천광역시,강화군,28710,202602,1275029.0,1376924.5,26545.52
인천광역시,강화군,28710,202603,1541368.5,1500828.0,41598.92
인천광역시,강화군,28710,202604,1469195.0,1378832.0,44819.63999999999
인천광역시,강화군,28710,202605,1794569.0,1795157.0,52963.54
인천광역시,강화군,28710,202606,1769813.5,1396734.5,70251.67000000001
인천광역시,계양구,28245,202601,3983059.5,2566830.0,38861.420000000006
인천광역시,계양구,28245,202602,3620974.0,2519790.0,40218.41
인천광역시,계양구,28245,202603,4257603.0,2933700.0,48589.98
인천광역시,계양구,28245,202604,4132551.5,2661578.5,59166.39000000001
인천광역시,계양구,28245,202605,4412425.5,2937613.0,58196.62000000001
인천광역시,계양구,28245,202606,4366964.0,2708678.0,60533.37999999999
인천광역시,남동구,28200,202601,7069041.0,4612867.0,63919.01000000002
인천광역시,남동구,28200,202602,6391031.5,4490146.5,65892.79000000001
인천광역시,남동구,28200,202603,7431165.0,5152770.0,69673.76000000001
인천광역시,남동구,28200,202604,7180271.0,4840017.0,99701.16
인천광역시,남동구,28200,202605,7641599.0,5252828.0,101101.26
인천광역시,남동구,28200,202606,7573044.5,4760476.0,96114.44
인천광역시,동구,28140,202601,722071.0,703566.5,9814.63
인천광역시,동구,28140,202602,647587.5,707903.0,8542.970000000001
인천광역시,동구,28140,202603,769622.0,911851.5,11863.789999999999
인천광역시,동구,28140,202604,735045.5,735983.5,15121.84
인천광역시,동구,28140,202605,786726.5,792998.5,15508.18
인천광역시,동구,28140,202606,793226.0,758432.5,12298.31
인천광역시,미추홀구,28177,202601,6168715.0,3601048.5,37624.44000000001
인천광역시,미추홀구,28177,202602,5538767.5,3558191.0,43224.47000000001
인천광역시,미추홀구,28177,202603,6487974.5,4500709.5,51194.29
인천광역시,미추홀구,28177,202604,6234480.0,3833480.0,63709.19
인천광역시,미추홀구,28177,202605,6858442.5,4105857.0,64609.130000000005
인천광역시,미추홀구,28177,202606,6661529.0,3766766.5,60272.530000000006
인천광역시,부평구,28237,202601,7232421.0,4112318.0,62795.16
인천광역시,부평구,28237,202602,6487547.5,4087156.5,65470.00000000001
인천광역시,부평구,28237,202603,7478523.5,4434570.0,60776.59999999999
인천광역시,부평구,28237,202604,7114852.5,3887758.0,78434.05
인천광역시,부평구,28237,202605,7686553.0,4393322.5,86560.17
인천광역시,부평구,28237,202606,7625656.5,3952672.5,90136.70000000001
인천광역시,서구,28260,202601,10895640.0,4877883.5,93026.18999999999
인천광역시,서구,28260,202602,9739355.5,4681372.5,90705.62000000001
인천광역시,서구,28260,202603,11478638.5,5590399.5,103748.51
인천광역시,서구,28260,202604,10819816.0,4819934.0,146931.81
인천광역시,서구,28260,202605,11656456.0,5308163.0,131977.72999999998
인천광역시,서구,28260,202606,11625414.5,5131742.0,161606.43
인천광역시,연수구,28185,202601,7595182.0,4005830.5,122025.39000000001
인천광역시,연수구,28185,202602,6773805.5,3828919.5,135274.17
인천광역시,연수구,28185,202603,7940744.0,4741656.5,157871.75
인천광역시,연수구,28185,202604,7639737.0,3924462.5,209338.68
인천광역시,연수구,28185,202605,8216820.5,4461436.0,227211.3
인천광역시,연수구,28185,202606,8158479.0,4028489.5,210621.07
인천광역시,옹진군,28720,202601,277557.0,332626.0,166906.19000000003
인천광역시,옹진군,28720,202602,239802.5,391622.0,176008.50000000003
인천광역시,옹진군,28720,202603,297776.5,525952.0,229536.2
인천광역시,옹진군,28720,202604,285033.0,562215.5,377775.18000000005
인천광역시,옹진군,28720,202605,364927.5,772796.5,332676.80000000005
인천광역시,옹진군,28720,202606,370608.0,654328.5,277483.74
인천광역시,중구,28110,202601,4071550.0,9310178.5,1410176.1399999997
인천광역시,중구,28110,202602,3679966.5,8873791.5,1433971.1400000001
인천광역시,중구,28110,202603,4268509.0,8747074.0,1718152.9300000002
인천광역시,중구,28110,202604,4078147.5,8249965.5,2156791.86
인천광역시,중구,28110,202605,4416142.5,9356963.0,2221658.68
인천광역시,중구,28110,202606,4421137.0,8246609.0,2188174.96
전라남도,강진군,46810,202601,700441.0,386809.5,3088.47
전라남도,강진군,46810,202602,635082.0,513544.5,3090.59
전라남도,강진군,46810,202603,733211.5,505606.5,3414.8599999999997
전라남도,강진군,46810,202604,710941.0,630920.5,4797.08
전라남도,강진군,46810,202605,762660.5,561995.0,5962.58
전라남도,강진군,46810,202606,751044.0,458412.5,5909.15
전라남도,고흥군,46770,202601,842152.5,452872.0,26470.829999999998
전라남도,고흥군,46770,202602,752825.5,627399.5,14696.46
전라남도,고흥군,46770,202603,906682.0,514171.0,11027.61
전라남도,고흥군,46770,202604,886760.0,526459.5,15346.58
전라남도,고흥군,46770,202605,931063.0,685723.5,26841.390000000003
전라남도,고흥군,46770,202606,914879.0,511763.0,15845.910000000002
전라남도,곡성군,46720,202601,403595.5,313099.5,1450.39
전라남도,곡성군,46720,202602,368637.5,406507.5,1281.31
전라남도,곡성군,46720,202603,433202.0,434952.0,1938.7
전라남도,곡성군,46720,202604,430664.5,443814.0,3712.1500000000005
전라남도,곡성군,46720,202605,481771.5,805752.5,7181.200000000001
전라남도,곡성군,46720,202606,475870.5,414617.0,5718.22
전라남도,광양시,46230,202601,2458340.5,1111173.0,94389.54000000001
전라남도,광양시,46230,202602,2181329.5,1158430.0,61887.670000000006
전라남도,광양시,46230,202603,2544556.0,1621851.0,44295.09
전라남도,광양시,46230,202604,2441064.5,1106546.0,80663.34000000001
전라남도,광양시,46230,202605,2555549.5,1267224.0,95355.46
전라남도,광양시,46230,202606,2568041.0,1110742.5,130651.61000000002
전라남도,구례군,46730,202601,453610.5,336570.5,1476.8000000000002
전라남도,구례군,46730,202602,412877.5,428421.0,1313.6100000000001
전라남도,구례군,46730,202603,480732.0,1003985.5,2207.02
전라남도,구례군,46730,202604,475870.5,615058.5,2457.94
전라남도,구례군,46730,202605,501357.5,624274.0,3162.91
전라남도,구례군,46730,202606,488656.0,432551.0,2279.33
전라남도,나주시,46170,202601,2350404.0,1188558.0,8653.859999999999
전라남도,나주시,46170,202602,2070575.5,1332754.5,7990.139999999999
전라남도,나주시,46170,202603,2446755.5,1557251.5,16577.68
전라남도,나주시,46170,202604,2322257.0,1401347.5,25503.920000000002
전라남도,나주시,46170,202605,2518729.5,1564363.5,31115.48
전라남도,나주시,46170,202606,2526331.5,1344154.0,22836.940000000002
전라남도,담양군,46710,202601,849373.0,1135211.0,7965.589999999999
전라남도,담양군,46710,202602,761820.5,1283702.0,5963.71
전라남도,담양군,46710,202603,886630.5,1294135.5,5504.530000000001
전라남도,담양군,46710,202604,859540.5,1232192.5,7540.87
전라남도,담양군,46710,202605,937433.0,1634167.5,8663.599999999999
전라남도,담양군,46710,202606,916436.5,1250697.0,7723.42
전라남도,목포시,46110,202601,5253265.5,2169622.0,44320.07
전라남도,목포시,46110,202602,4744019.0,2240847.0,40365.55
전라남도,목포시,46110,202603,5439903.0,2327815.0,55311.63999999999
전라남도,목포시,46110,202604,5168716.0,2141160.0,45126.22
전라남도,목포시,46110,202605,5486183.5,2459107.0,49098.2
전라남도,목포시,46110,202606,5392698.5,2090658.5,58176.53
전라남도,무안군,46840,202601,2000344.5,1289778.0,9761.84
전라남도,무안군,46840,202602,1770937.0,1328705.0,7227.5199999999995
전라남도,무안군,46840,202603,2052389.5,1530921.0,8857.439999999999
전라남도,무안군,46840,202604,1952391.0,1368734.5,21472.68
전라남도,무안군,46840,202605,2119498.5,1519021.0,34646.13
전라남도,무안군,46840,202606,2131286.5,1367250.5,31838.339999999997
전라남도,보성군,46780,202601,618660.0,509113.5,5638.410000000001
전라남도,보성군,46780,202602,563664.5,610610.0,3399.7899999999995
전라남도,보성군,46780,202603,661258.5,569457.0,4425.18
전라남도,보성군,46780,202604,641088.0,609616.0,10669.72
전라남도,보성군,46780,202605,685226.5,755975.5,20286.59
전라남도,보성군,46780,202606,679973.0,577829.0,15824.029999999999
전라남도,순천시,46150,202601,5597686.5,2110881.5,13113.009999999998
전라남도,순천시,46150,202602,5021572.5,2258588.5,11777.86
전라남도,순천시,46150,202603,5776865.5,2521711.5,18075.450000000004
전라남도,순천시,46150,202604,5559358.0,2302639.5,24775.71
전라남도,순천시,46150,202605,5901259.0,2580242.0,28802.26
전라남도,순천시,46150,202606,5776883.0,2103181.5,20386.34
전라남도,신안군,46910,202601,530670.0,458150.0,149348.71000000002
전라남도,신안군,46910,202602,487074.0,528003.0,177507.43
전라남도,신안군,46910,202603,586831.0,622205.5,140171.01
전라남도,신안군,46910,202604,581581.0,684575.5,154353.25
전라남도,신안군,46910,202605,656383.0,765772.0,255589.55000000002
전라남도,신안군,46910,202606,651105.0,619955.0,182805.59000000003
전라남도,여수시,46130,202601,4869123.0,1963440.5,154464.58000000002
전라남도,여수시,46130,202602,4376449.0,2116194.5,135098.69
전라남도,여수시,46130,202603,5008549.0,2063047.0,167888.33
전라남도,여수시,46130,202604,4806532.5,1942552.5,192509.12999999998
전라남도,여수시,46130,202605,5072609.5,2353417.5,263211.64999999997
전라남도,여수시,46130,202606,5025009.5,1944897.5,218184.14
전라남도,영광군,46870,202601,1027876.5,468639.5,12434.949999999999
전라남도,영광군,46870,202602,927444.0,572246.5,12525.79
전라남도,영광군,46870,202603,1073243.5,557399.5,14127.48
전라남도,영광군,46870,202604,1029451.5,583779.0,22627.98
전라남도,영광군,46870,202605,1093113.0,683672.5,33489.97
전라남도,영광군,46870,202606,1083904.5,567108.5,25865.84
전라남도,영암군,46830,202601,1068032.0,717500.0,19269.53
전라남도,영암군,46830,202602,953659.0,815192.0,14726.200000000003
전라남도,영암군,46830,202603,1160544.0,947089.5,16762.31
전라남도,영암군,46830,202604,1107662.5,971698.0,26106.5
전라남도,영암군,46830,202605,1240736.0,984378.5,38553.880000000005
전라남도,영암군,46830,202606,1208917.5,861493.5,39147.46
전라남도,완도군,46890,202601,1061914.0,491113.0,74316.38
전라남도,완도군,46890,202602,961373.0,563374.0,65503.340000000004
전라남도,완도군,46890,202603,1120861.0,504154.0,81659.01000000001
전라남도,완도군,46890,202604,1077993.0,527996.0,97530.47
전라남도,완도군,46890,202605,1146866.0,661013.5,111936.61000000002
전라남도,완도군,46890,202606,1121396.5,480840.5,96309.68
전라남도,장성군,46880,202601,761813.5,681845.5,4025.159999999999
전라남도,장성군,46880,202602,689920.0,772163.0,3883.8700000000003
전라남도,장성군,46880,202603,802340.0,909527.5,5194.030000000001
전라남도,장성군,46880,202604,773727.5,853895.0,7282.419999999999
전라남도,장성군,46880,202605,853184.5,1018773.0,7538.5
전라남도,장성군,46880,202606,854290.5,853667.5,7207.16
전라남도,장흥군,46800,202601,772436.0,393596.0,4462.25
전라남도,장흥군,46800,202602,694477.0,471404.5,3874.7299999999996
전라남도,장흥군,46800,202603,804706.0,424994.5,4143.26
전라남도,장흥군,46800,202604,782201.0,464747.5,5731.920000000001
전라남도,장흥군,46800,202605,817960.5,514860.5,7278.929999999999
전라남도,장흥군,46800,202606,819017.5,415565.5,5821.41
전라남도,진도군,46900,202601,524510.0,382105.5,53310.51
전라남도,진도군,46900,202602,481096.0,440695.5,50474.51
전라남도,진도군,46900,202603,565901.0,399259.0,51342.09999999999
전라남도,진도군,46900,202604,550574.5,434371.0,56142.58
전라남도,진도군,46900,202605,589375.5,497962.5,88143.21999999999
전라남도,진도군,46900,202606,575928.5,381682.0,71918.59
전라남도,함평군,46860,202601,375879.0,379939.0,4611.42
전라남도,함평군,46860,202602,345775.5,473746.0,4473.66
전라남도,함평군,46860,202603,409787.0,478425.5,5359.1
전라남도,함평군,46860,202604,394919.0,557571.0,9291.939999999999
전라남도,함평군,46860,202605,447758.5,654549.0,13690.099999999999
전라남도,함평군,46860,202606,442543.5,467015.5,11698.57
전라남도,해남군,46820,202601,1057448.0,675265.5,30918.040000000005
전라남도,해남군,46820,202602,962185.0,807072.0,23468.250000000004
전라남도,해남군,46820,202603,1123766.0,755111.0,27827.429999999997
전라남도,해남군,46820,202604,1085115.5,753851.0,26729.15
전라남도,해남군,46820,202605,1161828.5,892300.5,35988.25
전라남도,해남군,46820,202606,1164247.0,726236.0,40649.18
전라남도,화순군,46790,202601,1279705.0,929106.5,4041.51
전라남도,화순군,46790,202602,1143908.5,1031565.5,4245.27
전라남도,화순군,46790,202603,1322916.0,1132491.5,6113.3099999999995
전라남도,화순군,46790,202604,1279278.0,1171030.0,9956.31
전라남도,화순군,46790,202605,1362424.0,1215676.0,11961.79
전라남도,화순군,46790,202606,1346765.0,1030991.5,9170.6
전북특별자치도,고창군,52790,202601,982681.0,577556.0,6526.2
전북특별자치도,고창군,52790,202602,903903.0,720720.0,6859.209999999999
전북특별자치도,고창군,52790,202603,1056055.0,723726.5,12245.89
전북특별자치도,고창군,52790,202604,1044848.0,941860.5,24945.239999999998
전북특별자치도,고창군,52790,202605,1115978.5,1020061.0,37011.02
전북특별자치도,고창군,52790,202606,1103424.0,763448.0,32372.68
전북특별자치도,군산시,52130,202601,6090675.5,1985851.0,76587.45000000001
전북특별자치도,군산시,52130,202602,5465554.5,2155534.5,97431.03
전북특별자치도,군산시,52130,202603,6338650.5,2353410.5,85024.39
전북특별자치도,군산시,52130,202604,6071348.5,2116954.0,104849.56
전북특별자치도,군산시,52130,202605,6471496.5,2504789.0,123316.13000000002
전북특별자치도,군산시,52130,202606,6372432.5,2085566.0,99262.73999999999
전북특별자치도,김제시,52210,202601,1299574.5,939904.0,11810.0
전북특별자치도,김제시,52210,202602,1151997.0,1066723.0,9600.670000000002
전북특별자치도,김제시,52210,202603,1333223.5,1086249.5,11329.91
전북특별자치도,김제시,52210,202604,1299774.0,1103095.0,16340.539999999999
전북특별자치도,김제시,52210,202605,1395331.0,1246661.5,21998.61
전북특별자치도,김제시,52210,202606,1399618.5,1057997.5,22136.71
전북특별자치도,남원시,52190,202601,1605838.5,687610.0,4576.01
전북특별자치도,남원시,52190,202602,1469846.0,828068.5,3442.89
전북특별자치도,남원시,52190,202603,1701983.5,834669.5,6086.76
전북특별자치도,남원시,52190,202604,1660785.0,841928.5,14776.619999999999
전북특별자치도,남원시,52190,202605,1748747.0,1167064.5,24862.020000000004
전북특별자치도,남원시,52190,202606,1711234.0,789288.5,31227.1
전북특별자치도,무주군,52730,202601,440121.5,855743.0,2934.3500000000004
전북특별자치도,무주군,52730,202602,408247.0,806683.5,4195.22
전북특별자치도,무주군,52730,202603,468786.5,490378.0,2180.54
전북특별자치도,무주군,52730,202604,459182.5,541698.5,5792.900000000001
전북특별자치도,무주군,52730,202605,486416.0,699790.0,11953.900000000001
전북특별자치도,무주군,52730,202606,492219.0,598052.0,13498.85
전북특별자치도,부안군,52800,202601,1002729.0,674674.0,28404.76
전북특별자치도,부안군,52800,202602,907837.0,822178.0,40592.490000000005
전북특별자치도,부안군,52800,202603,1056576.5,766220.0,29507.189999999995
전북특별자치도,부안군,52800,202604,1023141.0,876589.0,44247.93
전북특별자치도,부안군,52800,202605,1103480.0,1131095.0,61253.8
전북특별자치도,부안군,52800,202606,1087366.0,866813.5,49090.55
전북특별자치도,순창군,52770,202601,321611.5,278523.0,1055.89
전북특별자치도,순창군,52770,202602,279699.0,363422.5,928.8300000000002
전북특별자치도,순창군,52770,202603,331677.5,352936.5,1972.25
전북특별자치도,순창군,52770,202604,339325.0,424389.0,4519.47
전북특별자치도,순창군,52770,202605,375746.0,464254.0,6106.29
전북특별자치도,순창군,52770,202606,384177.5,389837.0,6449.2699999999995
전북특별자치도,완주군,52710,202601,1347993.5,1639960.0,17369.41
전북특별자치도,완주군,52710,202602,1186335.5,1727302.5,13705.960000000001
전북특별자치도,완주군,52710,202603,1401890.0,2066732.5,18916.25
전북특별자치도,완주군,52710,202604,1348620.0,1849176.0,25982.450000000004
전북특별자치도,완주군,52710,202605,1514425.5,2066977.5,30480.699999999997
전북특별자치도,완주군,52710,202606,1547255.5,1852459.0,26171.49
전북특별자치도,익산시,52140,202601,6306202.0,2032744.0,20832.99
전북특별자치도,익산시,52140,202602,5662632.5,2215374.0,17338.3
전북특별자치도,익산시,52140,202603,6522533.5,2523234.0,25227.649999999998
전북특별자치도,익산시,52140,202604,6253604.0,2065437.5,40389.74
전북특별자치도,익산시,52140,202605,6764551.5,2399246.5,46558.420000000006
전북특별자치도,익산시,52140,202606,6619865.0,2047727.5,39678.7
전북특별자치도,임실군,52750,202601,324723.0,518623.0,1488.24
전북특별자치도,임실군,52750,202602,291434.5,706947.5,1509.7599999999998
전북특별자치도,임실군,52750,202603,351319.5,722249.5,2349.31
전북특별자치도,임실군,52750,202604,348684.0,806053.5,6129.599999999999
전북특별자치도,임실군,52750,202605,383971.0,1076575.5,7747.0
전북특별자치도,임실군,52750,202606,385171.5,713667.5,6549.03
전북특별자치도,장수군,52740,202601,313169.5,154759.5,1967.5099999999998
전북특별자치도,장수군,52740,202602,279863.5,208197.5,1268.98
전북특별자치도,장수군,52740,202603,336808.5,193620.0,1558.28
전북특별자치도,장수군,52740,202604,336294.0,212184.0,3217.7499999999995
전북특별자치도,장수군,52740,202605,356702.5,264663.0,8887.27
전북특별자치도,장수군,52740,202606,359901.5,204659.0,9191.04
전북특별자치도,전주시 덕진구,52113,202601,5899568.5,3382050.0,18610.55
전북특별자치도,전주시 덕진구,52113,202602,5216582.0,3376047.5,20119.5
전북특별자치도,전주시 덕진구,52113,202603,6084942.5,4021216.5,60689.88999999999
전북특별자치도,전주시 덕진구,52113,202604,5793350.5,3368557.5,69193.70999999999
전북특별자치도,전주시 덕진구,52113,202605,6361558.0,3843703.5,71553.87
전북특별자치도,전주시 덕진구,52113,202606,6291915.0,3307591.0,36507.13
전북특별자치도,전주시 완산구,52111,202601,6308267.0,3450191.5,19752.84
전북특별자치도,전주시 완산구,52111,202602,5620440.0,3545892.0,17490.01
전북특별자치도,전주시 완산구,52111,202603,6451018.0,3815490.0,37552.56
전북특별자치도,전주시 완산구,52111,202604,6153598.5,3343525.5,50627.27
전북특별자치도,전주시 완산구,52111,202605,6590923.5,3860937.5,52345.65
전북특별자치도,전주시 완산구,52111,202606,6506150.0,3254034.0,40374.259999999995
전북특별자치도,정읍시,52180,202601,1887004.0,807352.0,7645.810000000001
전북특별자치도,정읍시,52180,202602,1704496.5,951202.0,6383.780000000001
전북특별자치도,정읍시,52180,202603,1977850.0,912719.5,7559.0
전북특별자치도,정읍시,52180,202604,1917762.0,911872.5,11704.98
전북특별자치도,정읍시,52180,202605,2023570.5,1032563.0,19648.47
전북특별자치도,정읍시,52180,202606,1996197.0,862869.0,19575.629999999997
전북특별자치도,진안군,52720,202601,282194.5,279492.5,1915.2099999999998
전북특별자치도,진안군,52720,202602,250768.0,357903.0,3202.15
전북특별자치도,진안군,52720,202603,305616.5,362946.5,3955.42
전북특별자치도,진안군,52720,202604,299740.0,487879.0,10663.779999999999
전북특별자치도,진안군,52720,202605,326060.0,499520.0,22274.930000000004
전북특별자치도,진안군,52720,202606,334670.0,387226.0,21244.82
제주특별자치도,서귀포시,50130,202601,4705998.5,3814513.5,405412.44
제주특별자치도,서귀포시,50130,202602,4177540.5,3306782.5,528763.0
제주특별자치도,서귀포시,50130,202603,4847570.0,3572457.0,599066.56
제주특별자치도,서귀포시,50130,202604,4638886.0,3752119.0,794912.8699999999
제주특별자치도,서귀포시,50130,202605,4960133.5,3942428.0,898323.98
제주특별자치도,서귀포시,50130,202606,4754067.5,3380979.0,831555.3400000001
제주특별자치도,제주시,50110,202601,14393764.0,4981340.0,739935.0700000001
제주특별자치도,제주시,50110,202602,12938012.5,4459966.0,846868.93
제주특별자치도,제주시,50110,202603,14857794.0,5021068.5,942304.9899999999
제주특별자치도,제주시,50110,202604,14275744.0,4708235.0,1211323.1500000001
제주특별자치도,제주시,50110,202605,15162850.5,4889377.5,1414041.96
제주특별자치도,제주시,50110,202606,14813256.5,4535916.0,1317556.05
충청남도,계룡시,44250,202601,763987.0,454870.5,1969.1999999999998
충청남도,계룡시,44250,202602,679623.0,431627.0,1443.53
충청남도,계룡시,44250,202603,826563.5,437839.5,1499.7300000000002
충청남도,계룡시,44250,202604,798595.0,404551.0,1726.96
충청남도,계룡시,44250,202605,858413.5,458570.0,1838.99
충청남도,계룡시,44250,202606,840724.5,398923.0,2494.44
충청남도,공주시,44150,202601,1610175.0,1712210.5,14396.94
충청남도,공주시,44150,202602,1480293.5,2070502.0,13071.34
충청남도,공주시,44150,202603,1735065.5,2206788.5,21435.93
충청남도,공주시,44150,202604,1642508.0,2106006.0,30725.12
충청남도,공주시,44150,202605,1866231.5,2412557.0,38026.39
충청남도,공주시,44150,202606,1833160.0,2208472.0,35502.76
충청남도,금산군,44710,202601,1048250.0,700570.5,5831.72
충청남도,금산군,44710,202602,985253.5,803320.0,4501.0
충청남도,금산군,44710,202603,1168065.5,820680.0,8197.630000000001
충청남도,금산군,44710,202604,1144563.0,773689.0,9643.51
충청남도,금산군,44710,202605,1214318.0,942469.5,13605.000000000002
충청남도,금산군,44710,202606,1193741.5,796064.5,16440.56
충청남도,논산시,44230,202601,2079133.0,1248215.5,21264.72
충청남도,논산시,44230,202602,1954193.5,1419355.0,16240.19
충청남도,논산시,44230,202603,2297095.5,1623772.5,19839.63
충청남도,논산시,44230,202604,2213991.5,1327931.5,24114.99
충청남도,논산시,44230,202605,2371589.5,1636050.5,27474.43
충청남도,논산시,44230,202606,2344093.5,1409520.0,23779.699999999997
충청남도,당진시,44270,202601,3648711.5,1511695.5,46589.590000000004
충청남도,당진시,44270,202602,3351442.5,1652315.0,37525.28
충청남도,당진시,44270,202603,3953260.5,1906999.5,50041.56
충청남도,당진시,44270,202604,3762664.5,1957035.5,66460.77
충청남도,당진시,44270,202605,4057441.5,2226458.5,85145.27
충청남도,당진시,44270,202606,4063451.0,1845728.5,83062.58
충청남도,보령시,44180,202601,2390682.0,1180431.0,11010.29
충청남도,보령시,44180,202602,2147379.5,1241026.5,15350.720000000001
충청남도,보령시,44180,202603,2520857.5,1256899.0,17984.260000000002
충청남도,보령시,44180,202604,2395876.0,1309976.5,29472.219999999994
충청남도,보령시,44180,202605,2568884.5,1716809.5,35722.08
충청남도,보령시,44180,202606,2533457.5,1365322.0,29951.93
충청남도,부여군,44760,202601,1334679.5,751058.0,7180.659999999999
충청남도,부여군,44760,202602,1325597.0,960130.5,6084.799999999999
충청남도,부여군,44760,202603,1550013.5,861791.0,7939.21
충청남도,부여군,44760,202604,1512154.0,866491.5,12991.71
충청남도,부여군,44760,202605,1630293.0,1141976.5,16126.21
충청남도,부여군,44760,202606,1547234.5,921571.0,13046.709999999997
충청남도,서산시,44210,202601,3104598.0,1237316.5,29715.78
충청남도,서산시,44210,202602,2858744.0,1380578.5,27211.609999999997
충청남도,서산시,44210,202603,3315802.0,1575014.0,32056.259999999995
충청남도,서산시,44210,202604,3199336.0,1764108.5,41697.1
충청남도,서산시,44210,202605,3401475.0,1728352.5,53315.98
충청남도,서산시,44210,202606,3391636.5,1431699.5,52071.4
충청남도,서천군,44770,202601,1099864.5,703101.0,12159.18
충청남도,서천군,44770,202602,1012872.0,837935.0,9089.24
충청남도,서천군,44770,202603,1185950.5,863240.0,7573.629999999999
충청남도,서천군,44770,202604,1143849.0,825377.0,10152.179999999998
충청남도,서천군,44770,202605,1241243.5,1132397.0,12630.040000000003
충청남도,서천군,44770,202606,1217125.0,851847.5,11038.67
충청남도,아산시,44200,202601,6087322.5,3203609.5,75220.34999999999
충청남도,아산시,44200,202602,5542516.0,3207753.5,61006.869999999995
충청남도,아산시,44200,202603,6591683.0,4121355.0,84575.38
충청남도,아산시,44200,202604,6206116.0,3267029.5,97715.09999999999
충청남도,아산시,44200,202605,6933878.0,3795508.5,111954.79999999999
충청남도,아산시,44200,202606,6986668.5,3420476.5,111320.65
충청남도,예산군,44810,202601,1474655.0,1245489.0,12253.75
충청남도,예산군,44810,202602,1450813.0,1468442.5,11841.32
충청남도,예산군,44810,202603,1677084.5,1380694.0,17227.14
충청남도,예산군,44810,202604,1626835.0,1359582.0,26540.190000000002
충청남도,예산군,44810,202605,1772379.0,1548256.5,33079.51
충청남도,예산군,44810,202606,1772771.0,1300092.5,29882.179999999997
충청남도,천안시 동남구,44131,202601,4268075.0,3618454.0,32140.879999999997
충청남도,천안시 동남구,44131,202602,3823179.5,3771712.0,33267.83
충청남도,천안시 동남구,44131,202603,4477123.0,4732413.0,46647.02999999999
충청남도,천안시 동남구,44131,202604,4318954.5,3945228.0,55351.76000000001
충청남도,천안시 동남구,44131,202605,4924286.5,4361374.5,58349.15
충청남도,천안시 동남구,44131,202606,4857408.5,3890239.5,48908.39
충청남도,천안시 서북구,44133,202601,4993856.0,3533981.5,43848.51
충청남도,천안시 서북구,44133,202602,4395982.5,3361225.0,42048.63
충청남도,천안시 서북구,44133,202603,5172814.5,4233390.0,55398.06
충청남도,천안시 서북구,44133,202604,4941706.0,3415898.5,65945.97
충청남도,천안시 서북구,44133,202605,5325967.5,3743467.0,74764.26999999999
충청남도,천안시 서북구,44133,202606,5425749.0,3586093.0,66566.76999999999
충청남도,청양군,44790,202601,434780.5,405370.0,6426.32
충청남도,청양군,44790,202602,437920.0,457341.5,5384.820000000001
충청남도,청양군,44790,202603,515431.0,428120.0,5519.030000000001
충청남도,청양군,44790,202604,487501.0,413661.5,9539.03
충청남도,청양군,44790,202605,539462.0,466410.0,13337.69
충청남도,청양군,44790,202606,518738.5,394831.5,12464.07
충청남도,태안군,44825,202601,1390291.0,868381.5,46761.68
충청남도,태안군,44825,202602,1364779.5,1050395.5,53479.27
충청남도,태안군,44825,202603,1592727.5,1212291.5,61825.22000000001
충청남도,태안군,44825,202604,1538806.5,1636418.0,96136.99999999999
충청남도,태안군,44825,202605,1681344.0,2143207.5,106672.22
충청남도,태안군,44825,202606,1656046.0,1546478.5,83434.47
충청남도,홍성군,44800,202601,1787730.0,1072207.5,10495.359999999999
충청남도,홍성군,44800,202602,1671736.5,1161636.0,10005.4
충청남도,홍성군,44800,202603,1963265.5,1176329.0,11669.35
충청남도,홍성군,44800,202604,1894189.5,1046391.5,14719.88
충청남도,홍성군,44800,202605,2029366.5,1171408.0,17639.579999999998
충청남도,홍성군,44800,202606,2015405.0,1052432.5,17693.7
충청북도,괴산군,43760,202601,588665.0,682209.5,6116.779999999999
충청북도,괴산군,43760,202602,529658.5,837875.5,5174.33
충청북도,괴산군,43760,202603,637836.5,831383.0,9256.839999999998
충청북도,괴산군,43760,202604,629447.0,858217.5,28875.82
충청북도,괴산군,43760,202605,695989.0,1116468.5,41405.53
충청북도,괴산군,43760,202606,699755.0,919348.5,33382.130000000005
충청북도,단양군,43800,202601,513103.5,519435.0,4434.05
충청북도,단양군,43800,202602,466018.0,688870.0,4051.87
충청북도,단양군,43800,202603,557095.0,589456.0,4317.59
충청북도,단양군,43800,202604,545972.0,718399.5,6072.619999999999
충청북도,단양군,43800,202605,580398.0,1018934.0,11682.92
충청북도,단양군,43800,202606,578690.0,763199.5,11738.790000000003
충청북도,보은군,43720,202601,598486.0,517811.0,3491.04
충청북도,보은군,43720,202602,546101.5,667926.0,3530.2499999999995
충청북도,보은군,43720,202603,650069.0,666606.5,11647.91
충청북도,보은군,43720,202604,640720.5,757876.0,11852.409999999998
충청북도,보은군,43720,202605,687631.0,853125.0,15893.460000000001
충청북도,보은군,43720,202606,688131.5,686483.0,12214.14
충청북도,영동군,43740,202601,898506.0,469588.0,4179.97
충청북도,영동군,43740,202602,824666.5,558092.5,4862.26
충청북도,영동군,43740,202603,962566.5,529987.5,5569.130000000001
충청북도,영동군,43740,202604,936897.5,522483.5,10190.509999999998
충청북도,영동군,43740,202605,996660.0,641627.0,16659.07
충청북도,영동군,43740,202606,999988.5,550399.5,16433.850000000002
충청북도,옥천군,43730,202601,1053552.5,837497.5,5903.1900000000005
충청북도,옥천군,43730,202602,961667.0,1000051.5,5946.0
충청북도,옥천군,43730,202603,1144300.5,1039594.5,8882.35
충청북도,옥천군,43730,202604,1120465.5,1089571.0,12797.069999999998
충청북도,옥천군,43730,202605,1191578.5,1233375.5,13513.249999999998
충청북도,옥천군,43730,202606,1181890.5,1000468.0,12545.62
충청북도,음성군,43770,202601,1947295.0,1320063.5,30137.500000000004
충청북도,음성군,43770,202602,1768403.0,1471974.0,27656.43
충청북도,음성군,43770,202603,2111399.5,1724887.5,41976.78
충청북도,음성군,43770,202604,2030080.5,1592307.5,59239.51
충청북도,음성군,43770,202605,2179894.5,1727400.5,69057.93000000001
충청북도,음성군,43770,202606,2228103.5,1681963.5,59130.54
충청북도,제천시,43150,202601,2054496.5,1003159.5,8136.739999999999
충청북도,제천시,43150,202602,1870858.5,1152011.0,8601.800000000001
충청북도,제천시,43150,202603,2197856.5,1260427.0,12609.97
충청북도,제천시,43150,202604,2131265.5,1270930.5,18390.079999999998
충청북도,제천시,43150,202605,2325540.0,1504646.5,22631.89
충청북도,제천시,43150,202606,2275700.0,1245629.0,18712.22
충청북도,증평군,43745,202601,825384.0,450432.5,2237.87
충청북도,증평군,43745,202602,733572.0,453292.0,2952.4799999999996
충청북도,증평군,43745,202603,866439.0,542717.0,5112.0
충청북도,증평군,43745,202604,821768.5,508980.5,6304.19
충청북도,증평군,43745,202605,883284.5,579187.0,6839.18
충청북도,증평군,43745,202606,879543.0,512354.5,5645.420000000001
충청북도,진천군,43750,202601,1387823.5,995375.5,22598.09
충청북도,진천군,43750,202602,1343524.0,1040032.0,18485.059999999994
충청북도,진천군,43750,202603,1643155.5,1261834.0,23429.63
충청북도,진천군,43750,202604,1576365.0,1197973.0,35673.439999999995
충청북도,진천군,43750,202605,1692113.5,1314285.0,41705.45
충청북도,진천군,43750,202606,1743927.5,1253483.0,35229.55
충청북도,청주시 상당구,43111,202601,2900866.5,2414286.0,11389.67
충청북도,청주시 상당구,43111,202602,2630372.5,2506042.0,13739.5
충청북도,청주시 상당구,43111,202603,3053428.0,2852475.5,16354.21
충청북도,청주시 상당구,43111,202604,2926892.5,2778639.5,18794.100000000002
충청북도,청주시 상당구,43111,202605,3146853.5,3031570.5,22804.72
충청북도,청주시 상당구,43111,202606,3079975.5,2585754.5,19617.339999999997
충청북도,청주시 서원구,43112,202601,1937754.0,2506500.5,16614.620000000003
충청북도,청주시 서원구,43112,202602,1689023.0,2550901.5,15598.48
충청북도,청주시 서원구,43112,202603,1957294.5,3178602.0,27258.12
충청북도,청주시 서원구,43112,202604,1913901.5,2569063.0,31580.22
충청북도,청주시 서원구,43112,202605,2330636.0,2690425.5,34489.37
충청북도,청주시 서원구,43112,202606,2140911.5,2544766.0,27176.54
충청북도,청주시 청원구,43114,202601,2886866.5,2501394.0,35248.66
충청북도,청주시 청원구,43114,202602,2575464.5,2438142.0,36549.89
충청북도,청주시 청원구,43114,202603,3052731.5,2963649.5,52124.67
충청북도,청주시 청원구,43114,202604,2933696.5,2455939.5,55494.76000000001
충청북도,청주시 청원구,43114,202605,3199899.5,2666695.5,61237.05
충청북도,청주시 청원구,43114,202606,3224228.0,2499171.5,52251.38
충청북도,청주시 흥덕구,43113,202601,4413318.0,3499646.5,36335.409999999996
충청북도,청주시 흥덕구,43113,202602,3912734.0,3373489.0,35336.96
충청북도,청주시 흥덕구,43113,202603,4563153.0,3972251.5,56471.96
충청북도,청주시 흥덕구,43113,202604,4284724.5,3373363.0,63179.780000000006
충청북도,청주시 흥덕구,43113,202605,4579340.5,3708131.0,69248.88
충청북도,청주시 흥덕구,43113,202606,4607557.5,3517192.0,61126.47
충청북도,충주시,43130,202601,5083522.5,2014274.5,17586.18
충청북도,충주시,43130,202602,4580264.5,2370462.5,15337.71
충청북도,충주시,43130,202603,5306507.5,2664739.0,26861.45
충청북도,충주시,43130,202604,5131402.5,2362580.5,43818.100000000006
충청북도,충주시,43130,202605,5581796.5,2843312.5,50530.72
충청북도,충주시,43130,202606,5472008.5,2407615.0,40628.350000000006
